observation_id,event_id,source_id,category,observation_type,state,observed_at,observed_at_precision,action_at,action_at_precision,reported_at,reported_at_precision,published_at,published_at_precision,available_at,available_at_precision,area_name,spatial_precision,responsible_agency,attributes_json,source_locator,source_version,source_record_sha256
TWD-O00001,TWD-E0001,TWD-S0027,response_action,field_deployment,activated,2001-06-22,day,2001-06-22,day,2001-06-27,day,2001-06-27,day,2001-06-27,day,奇比颱風中央災害應變中心,event,行政院／中央災害應變中心,"{""agency_staffing"":true,""response_center_activation"":true}",行政院第二七四０次院會決議；90-06-27；院長提示二；奇比颱風中央災害應變中心成立,official-cabinet-resolution-v1,e3c66d394311deb1dbd1b2aefe6851e7ee2ee76f70a93fc0941ca273a17a78a3
TWD-O00002,TWD-E0002,TWD-S0030,response_action,field_deployment,activated,,unknown,2001-07-03,day,,unknown,,unknown,,unknown,全臺（尤特颱風中央災害應變中心）,event,行政院／中央災害應變中心,"{""response_center_activation"":true}",行政院第2741次院會決議；日期90-07-04；副院長提示二；尤特颱風警報後中央災害應變中心成立,official-cabinet-resolution-v1,5b913981c0e062d8c65448077041f2709ff6c9a914fb01d8ed0a63af9ee2e645
TWD-O00003,TWD-E0003,TWD-S0013,response_action,field_deployment,completed,,unknown,,unknown,,unknown,,unknown,,unknown,屏東縣車城鄉河堤砂洲,township,第七河川局,"{""people_stranded"":2}",印刷頁14；表4「潭美颱風期間，河堤受損情形」；屏東縣車城鄉,official-response-report-v1,c2c3d156949e5037c908e50c705855dff952e198713a5f4327f4bb6d4b30b91a
TWD-O00004,TWD-E0003,TWD-S0013,response_action,rescue,completed,,unknown,,unknown,,unknown,,unknown,,unknown,屏東縣萬丹鄉高屏溪萬丹堤防左斷28附近砂洲,township,,"{""people_rescued"":5,""rescue_method"":""powered_rubber_boat""}",印刷頁14；表4「潭美颱風期間，河堤受損情形」；屏東縣萬丹鄉,official-response-report-v1,fd6eb5cc84ab2878054578cf547c590f20c7f1a65fc9562ab2bbeb057161758d
TWD-O00005,TWD-E0003,TWD-S0013,response_action,road_closure,reported_blocked_and_handled,,unknown,,unknown,,unknown,,unknown,,unknown,屏東縣車城鄉車城往四重溪方向道路,road_segment,車城鄉公所,{},印刷頁15至16；表6「潭美颱風造成之其他災情列表」；屏東縣車城鄉,official-response-report-v1,566d817a2207fcea59ce7d05ef86881c72601c5ef1c0cbc824f0bd3974eaceca
TWD-O00006,TWD-E0003,TWD-S0013,response_action,field_deployment,completed,,unknown,,unknown,,unknown,,unknown,,unknown,屏東縣屏東市成功路變電所附近,township,屏東市公所,"{""water_depth_cm"":30}",印刷頁15至16；表6「潭美颱風造成之其他災情列表」；屏東縣屏東市,official-response-report-v1,ca1f1ff395eb6ff403799f94f2f7f41d9a36dacd8a0f6bdbf5c253479a54898c
TWD-O00007,TWD-E0003,TWD-S0013,response_action,road_closure,reported_blocked_and_handled,,unknown,,unknown,,unknown,,unknown,,unknown,屏東縣枋山鄉屏鵝公路445至446公里處,road_segment,枋山鄉公所,"{""road_segment_end_km"":446,""road_segment_start_km"":445}",印刷頁15至16；表6「潭美颱風造成之其他災情列表」；屏東縣枋山鄉屏鵝公路445至446公里,official-response-report-v1,ddb63f05b2610d197a12f35d9c6fe2e0405d548435040f505a0d32bef8cd9f64
TWD-O00008,TWD-E0003,TWD-S0013,response_action,field_deployment,completed,,unknown,,unknown,,unknown,,unknown,,unknown,屏東縣恆春鎮恆春高工操場,township,屏東縣防颱中心,{},印刷頁15至16；表6「潭美颱風造成之其他災情列表」；屏東縣恆春鎮,official-response-report-v1,97a5760604b3bea2845e6bde7b6173aa6e710728bc98b78bfc913945929b1ad1
TWD-O00009,TWD-E0003,TWD-S0013,response_action,road_closure,reported_blocked_and_handled,,unknown,,unknown,,unknown,,unknown,,unknown,屏東縣滿州鄉永靖村新莊路十字路口,road_segment,滿州鄉公所,"{""road_interruption_length_km"":1,""water_depth_cm"":60}",印刷頁15至16；表6「潭美颱風造成之其他災情列表」；屏東縣滿州鄉,official-response-report-v1,d6257cacef64a3edb08325178e9837a46fa39704fd3d25e28192d097c49a9266
TWD-O00010,TWD-E0003,TWD-S0013,response_action,field_deployment,completed,2001-07-11T16:43:00+08:00,minute,2001-07-11T16:43:00+08:00,minute,,unknown,,unknown,,unknown,屏東縣屏東市大慶汽車廠後面牛稠溪水閘門,township,水利相關單位,{},印刷頁1；表1「潭美颱風事件重要過程」；90/0711/1643；屏東縣屏東市牛稠溪,official-response-report-v1,f11ebebfad87eabb788fdb218fb1aa30b4f22507adce981ca707363b5d067f13
TWD-O00011,TWD-E0003,TWD-S0013,response_action,road_access_restriction,implemented,2001-07-11T18:15:00+08:00,minute,2001-07-11T18:15:00+08:00,minute,,unknown,,unknown,,unknown,高雄縣大寮鄉仁德路往五甲路段,road_segment,,"{""water_depth_cm"":30}",印刷頁11；表3；高雄縣大寮鄉；11日18時15分仁德路往五甲路段,official-response-report-v1,25b0289f8b76d698b3cf35ced0d50e12eba1cb645853b2490627f8ab4e49910d
TWD-O00012,TWD-E0003,TWD-S0013,response_action,road_access_restriction,implemented,2001-07-11T18:24:00+08:00,minute,2001-07-11T18:24:00+08:00,minute,,unknown,,unknown,,unknown,高雄縣鳳山市大明路與海洋路口,road_segment,,"{""water_depth_cm"":50}",印刷頁11；表3；高雄縣鳳山市；11日18時24分大明路與海洋路口,official-response-report-v1,c85b99721ea856c2d1c84bef357f9e747c8156dedd2c50b5ded19696bf5e6ed9
TWD-O00013,TWD-E0003,TWD-S0013,response_action,road_access_restriction,implemented,2001-07-11T19:42:00+08:00,minute,2001-07-11T19:42:00+08:00,minute,,unknown,,unknown,,unknown,高雄縣鳳山市七老爺附近,road_segment,,"{""water_depth_cm"":40}",印刷頁11；表3；高雄縣鳳山市；11日19時42分七老爺附近,official-response-report-v1,742e76dbdfd89349192be32e8efade346072a646e8b99659fb61f8a19aee51dc
TWD-O00014,TWD-E0003,TWD-S0013,response_action,road_access_restriction,implemented,2001-07-11T20:35:00+08:00,minute,2001-07-11T20:35:00+08:00,minute,,unknown,,unknown,,unknown,高雄縣鳥松鄉大埤路勞工育樂活動中心前,road_segment,,"{""water_depth_cm"":30}",印刷頁11；表3；高雄縣鳥松鄉；11日20時35分大埤路勞工育樂活動中心前,official-response-report-v1,c99149928119435ac3f343b5e7fee69bfa26f6e553f6d87e7071f9dad292590e
TWD-O00015,TWD-E0004,TWD-S0003,response_action,pump_deployment,completed,,unknown,,unknown,,unknown,,unknown,,unknown,嘉義縣鹿草鄉湖內堤防附近,township,第五河川局,"{""pump_units"":1}",印刷頁25；表6「桃芝颱風期間，全台河堤受損情形」；嘉義縣鹿草鄉,official-response-report-v1,10295392b9004bdd98e166e5a36c8265ce5ad3df9c12937d64bf8d1a284f5cff
TWD-O00016,TWD-E0004,TWD-S0003,response_action,field_deployment,completed,,unknown,,unknown,,unknown,,unknown,,unknown,嘉義縣民雄鄉八掌溪湖內堤防,township,第五河川局,{},印刷頁32；表8「桃芝颱風造成之其他災情列表」；嘉義縣民雄鄉,official-response-report-v1,88ee417fb6c2284c333d113dd02eb4bf8a4e269d75313e9aef741d2aaec0944b
TWD-O00017,TWD-E0004,TWD-S0003,response_action,evacuation,completed,,unknown,,unknown,,unknown,,unknown,,unknown,嘉義縣中埔鄉朴子溪福興2號堤防附近,township,嘉義縣防救中心,{},印刷頁32；表8「桃芝颱風造成之其他災情列表」；嘉義縣中埔鄉；朴子溪福興2號堤防,official-response-report-v1,5b67208eb42b619e3ebaff08bd28813f55063a6daf59196a5a58cdc39ed78e61
TWD-O00018,TWD-E0004,TWD-S0003,response_action,field_deployment,completed,,unknown,,unknown,,unknown,,unknown,,unknown,嘉義縣中埔鄉赤蘭溪溪底寮堤防,township,第五河川局,{},印刷頁32；表8「桃芝颱風造成之其他災情列表」；嘉義縣中埔鄉；赤蘭溪溪底寮堤防,official-response-report-v1,5f96d28c3ddd39927349d9a1514d14fda295b9dd570df88649e53bf40b59464a
TWD-O00019,TWD-E0004,TWD-S0003,response_action,field_deployment,completed,,unknown,,unknown,,unknown,,unknown,,unknown,臺南縣後壁鄉南清水溝溪清瑞橋上游右側堤防,township,水利相關單位,"{""damaged_length_m"":150}",印刷頁33；表8「桃芝颱風造成之其他災情列表」；臺南縣後壁鄉；南清水溝溪清瑞橋,official-response-report-v1,48d3adab8175821d9282053ce61e8b83f90102d9cd3612003651eb3a787d063c
TWD-O00020,TWD-E0004,TWD-S0003,response_action,pump_deployment,completed,,unknown,,unknown,,unknown,,unknown,,unknown,雲林縣斗六市赤蘭溪溪底寮堤防,township,水利相關單位,{},印刷頁31；表8「桃芝颱風造成之其他災情列表」；雲林縣斗六市,official-response-report-v1,04f5db102347cca832e13892b274823cec3fd2340e591ad5694107f74880785a
TWD-O00021,TWD-E0005,TWD-S0004,response_action,field_deployment,completed,,unknown,,unknown,,unknown,,unknown,,unknown,彰化縣大城鄉濁水溪九塊厝堤防,township,第四河川局,{},印刷頁15；表7「納莉颱風期間，全台河堤受損情形」；彰化縣大城鄉,official-response-report-v1,60c272e639b2cb50398167afe756cee32f1382d6455a1f3c5a5e7eb6dc7f74b9
TWD-O00022,TWD-E0005,TWD-S0004,response_action,field_deployment,completed,,unknown,,unknown,,unknown,,unknown,,unknown,彰化縣竹塘鄉濁水溪下溪漧堤防,township,第四河川局,{},印刷頁15；表7「納莉颱風期間，全台河堤受損情形」；彰化縣竹塘鄉,official-response-report-v1,e80bb5c4e661e7380806b15cc2c965a3953dd310c69f09ac4e770701f172d01d
TWD-O00023,TWD-E0005,TWD-S0004,response_action,field_deployment,completed,,unknown,,unknown,,unknown,,unknown,,unknown,桃園縣龍潭鄉水庫壩區道路,township,第二河川局,{},印刷頁16至17；表9「納莉颱風造成之其他災情列表」；桃園縣龍潭鄉水庫壩區道路,official-response-report-v1,0cbc905b0c980043cb0791c465a7d2dae72dca62dd83698aa466f237d3ffaa03
TWD-O00024,TWD-E0005,TWD-S0004,response_action,field_deployment,completed,,unknown,,unknown,,unknown,,unknown,,unknown,桃園縣龍潭鄉桃園大圳導水路8至9號水門間渠道,township,桃園水利會,{},印刷頁16至17；表9「納莉颱風造成之其他災情列表」；桃園縣龍潭鄉桃園大圳,official-response-report-v1,aa4f2f4f4bb64151dbcd0d41f0f000da3d98f1e854a0f1cd12be220301ccf5fb
TWD-O00025,TWD-E0006,TWD-S0028,response_action,field_deployment,activated,2001-10-15,day,2001-10-15,day,2001-10-17,day,2001-10-17,day,2001-10-17,day,海燕颱風中央災害應變中心,event,行政院／中央災害應變中心,"{""local_center_activation_reported"":true,""response_center_activation"":true}",行政院第二七五六次院會決議；90-10-17；院長提示二；海燕颱風中央與地方應變中心成立,official-cabinet-resolution-v1,dbfd554b0924b59643d04ec8a5cb84c00f16bf972dcbe4ded7a02f8846867aff
TWD-O00026,TWD-E0007,TWD-S0029,response_action,field_deployment,activated,2002-07-02,day,2002-07-02,day,2002-07-03,day,2002-07-03,day,2002-07-03,day,雷馬遜颱風緊急應變小組,event,內政部／中央災害應變機制,"{""emergency_response_team_activation"":true}",行政院第二七九三次院會決議；91-07-03；院長提示一；雷馬遜颱風緊急應變小組成立,official-cabinet-resolution-v1,79d3556b41a34d3dfe459e726a1b72c365da77d5eeaec2b6db935f00d62bc2f8
TWD-O00027,TWD-E0008,TWD-S0032,response_action,rescue,occurred,2002-07-09,day,2002-07-09,day,2002-07-10,day,2002-07-10,day,2002-07-10,day,高雄外海（元勝二號漁船）,county,高雄市政府／國軍／空中警察隊／海巡署／高雄港務局／警察／消防／民間救難大隊,"{""people_involved"":134,""people_missing"":1,""people_rescued"":133}",行政院第二七九四次院會決議；91-07-10；院長提示四；元勝二號高雄外海救援,official-cabinet-resolution-v1,5c85aabca87fb69576038e91d54f990d499caee8f78712cea314919dc9876e58
TWD-O00028,TWD-E0009,TWD-S0020,response_action,field_deployment,dispatched,,unknown,,unknown,,unknown,,unknown,,unknown,曾文溪、鹽水溪、二仁溪管理站及轄內水閘門,county,經濟部水利署第六河川局,"{""gate_patrol_dispatch"":true,""named_river_management_stations"":[""曾文溪"",""鹽水溪"",""二仁溪""]}",WRA library record books_60832；中文摘要；並立即通報各(曾文溪、鹽水溪、二仁溪)管理站，盡速派員巡防轄內水閘門等之正常功能,official-library-summary-v1,6a3ad5fd7592add3093967e84873dad491c5570863d04ee8551d3b06ad01062c
TWD-O00029,TWD-E0009,TWD-S0020,response_action,field_deployment,activated,,unknown,2003-08-03T09:00:00+08:00,hour,,unknown,,unknown,,unknown,第六河川局災害緊急應變小組,county,經濟部水利署第六河川局,"{""response_center_activation"":true,""response_center_level"":1}",WRA library record books_60832；中文摘要；本局於92年8月3日上午9時一級開設成立災害緊急應變小組,official-library-summary-v1,f975024a2743c6ceb87cd5e23fefc8128eff982bcec1f1631a4a8101c68b164d
TWD-O00030,TWD-E0010,TWD-S0006,response_action,field_deployment,completed,,unknown,,unknown,,unknown,,unknown,,unknown,嘉義市東區,township,第五河川局,{},第46頁，表27「其他災情及處理情形」：嘉義市東區,official-response-report-v1,5704018d2d913917417b7c08990b3719d4e48435164859f2fa1ce249e27b1f1d
TWD-O00031,TWD-E0010,TWD-S0006,response_action,pump_deployment,standby,,unknown,,unknown,,unknown,,unknown,,unknown,嘉義縣水上鄉,township,水利相關單位,{},第46頁，表27「其他災情及處理情形」：嘉義縣水上鄉,official-response-report-v1,a4c576b2d8ea093c4a2317f4018fdcdd74a854aa0ebb048435f22cf88da4eed9
TWD-O00032,TWD-E0010,TWD-S0006,response_action,road_closure,closed,,unknown,,unknown,,unknown,,unknown,,unknown,高雄縣甲仙鄉橋梁,township,道路主管機關,{},第46頁，表27「其他災情及處理情形」：高雄縣甲仙鄉橋梁,official-response-report-v1,8b9c8953182cf3eb62d2fc0c1dd1465982c41baa4e8b0fcbcc90645877049519
TWD-O00033,TWD-E0010,TWD-S0006,response_action,road_closure,closed,,unknown,,unknown,,unknown,,unknown,,unknown,高雄縣六龜鄉大津橋,township,道路主管機關,{},第46頁，表27「其他災情及處理情形」：高雄縣六龜鄉大津橋,official-response-report-v1,63d37e823360ed9bf2cd6a48982f277b171c076240e09446b98001398015f6b2
TWD-O00034,TWD-E0010,TWD-S0006,response_action,road_closure,closed,,unknown,,unknown,,unknown,,unknown,,unknown,高雄縣六龜鄉六龜橋,township,道路主管機關,{},第46頁，表27「其他災情及處理情形」：高雄縣六龜鄉六龜橋,official-response-report-v1,e0c964a7e1c2e195d5f888c5f32c3810ece739d84d4e3a363479ef7e9f2a48a7
TWD-O00035,TWD-E0010,TWD-S0006,response_action,road_closure,closed,,unknown,,unknown,,unknown,,unknown,,unknown,高雄縣六龜鄉新發橋,township,道路主管機關,{},第46頁，表27「其他災情及處理情形」：高雄縣六龜鄉新發橋,official-response-report-v1,2e4e7de857f1aaa79ca45f6614d473119733f7fb757933fe8a081d5bc0914b3c
TWD-O00036,TWD-E0010,TWD-S0006,response_action,field_deployment,completed,,unknown,,unknown,,unknown,,unknown,,unknown,臺南縣東山鄉,township,水利相關單位,{},第46頁，表27「其他災情及處理情形」：臺南縣東山鄉,official-response-report-v1,b4702d3422b1446f2f7e5276752aaa06408c37530115f025ba749b815bc53d1a
TWD-O00037,TWD-E0010,TWD-S0006,response_action,pump_deployment,completed,,unknown,,unknown,,unknown,,unknown,,unknown,臺南市南區,township,第七河川局,"{""pump_units"":1}",第46頁，表27「其他災情及處理情形」：臺南市南區,official-response-report-v1,17259c889b0c21dcedb207708af36c683da1cad86f6324228f64c1587ab7fd2e
TWD-O00038,TWD-E0010,TWD-S0006,response_action,field_deployment,completed,,unknown,,unknown,,unknown,,unknown,,unknown,雲林縣斗六市,township,第四河川局及地方清理人力,{},第46頁，表27「其他災情及處理情形」：雲林縣斗六市,official-response-report-v1,1b6e3dbc2ed4d456d8d1f7ce79cbaf193df4a2d35d68ece6d897e8022b6a754c
TWD-O00039,TWD-E0010,TWD-S0006,response_action,pump_deployment,completed,,unknown,,unknown,,unknown,,unknown,,unknown,雲林縣麥寮鄉,township,臺西鄉公所,{},第46頁，表27「其他災情及處理情形」：雲林縣麥寮鄉,official-response-report-v1,8f607e33d882d92ac8a1ad9f2c14196b2e68a4274b7c30b21900b33fe55e0887
TWD-O00040,TWD-E0010,TWD-S0006,response_action,pump_deployment,dispatched,,unknown,,unknown,,unknown,,unknown,,unknown,雲林縣臺西鄉,township,第四河川局,"{""dispatch_origin"":""嘉義"",""pump_units"":1}",第46頁，表27「其他災情及處理情形」：雲林縣臺西鄉,official-response-report-v1,8c17e4a2939ee5adf7c33339f0ec3b315d552d686502993324e9d1cf0f95bbe7
TWD-O00041,TWD-E0010,TWD-S0085,response_action,field_deployment,visited,,unknown,2004-07-05T18:00:00+08:00,hour,,unknown,,unknown,,unknown,石岡壩下游護岸崩塌現場及頭汴坑溪一江橋,event,行政院,"{""inspection_site_count"":2,""premier_field_inspection"":true}",WRA 大事紀要 n=5037 s=13418；行政院游院長視察敏督利颱風災情；年度93年／事件時間93-07-05／內容,official-event-page-v1,332379dea41f9019dbf0a63d71552dbfb064163d04c2179ded49265b9b3706af
TWD-O00042,TWD-E0011,TWD-S0007,response_action,road_closure,closed,,unknown,,unknown,,unknown,,unknown,,unknown,新竹市北區舊港里周邊道路,township,新竹市政府；南寮派出所,{},印刷頁18；表10；新竹市北區舊港里,official-response-report-v1,8cb4b00327d88fd5b99e3c556e8e44d90efc94155b02fbf4206ad138050f9f40
TWD-O00043,TWD-E0011,TWD-S0007,response_action,evacuation,relocated,,unknown,,unknown,,unknown,,unknown,,unknown,新竹縣竹東鎮軟橋社區,township,水利相關單位,{},印刷頁18；表10；新竹縣竹東鎮軟橋社區,official-response-report-v1,d818cc304297fc22ea1ad0510e6c3be56e32deef9f442308058b3ed9f7309ac2
TWD-O00044,TWD-E0011,TWD-S0007,response_action,field_deployment,in_progress,,unknown,,unknown,,unknown,,unknown,,unknown,新竹縣竹東鎮上坪溪攔河堰附近取水隧道入口,township,水利相關單位,{},印刷頁18；表10；新竹縣竹東鎮上坪溪攔河堰／軟橋社區,official-response-report-v1,5a51b80805602a6dd9921123ffdb593726d5402ce759fe726c32df67413e7469
TWD-O00045,TWD-E0011,TWD-S0007,response_action,field_deployment,notified,,unknown,,unknown,,unknown,,unknown,,unknown,苗栗縣三義鄉景山溪近協豐餐廳橋,township,第三河川局；鯉魚派出所,{},印刷頁18至19；表10；苗栗縣三義鄉景山溪近協豐餐廳橋,official-response-report-v1,dac2358ec7cc1db06232b7a1f01cbb97904afa27bad2f64ddaecd7b881ccc995
TWD-O00046,TWD-E0011,TWD-S0007,response_action,pump_deployment,standby,,unknown,,unknown,,unknown,,unknown,,unknown,宜蘭縣壯圍鄉新南地區,township,第一河川局；宜蘭縣防災中心,"{""pump_units"":3}",印刷頁19；表10；宜蘭縣壯圍鄉新南地區,official-response-report-v1,dabfc94c2c279dc91804ce5e97612da0cf832f6a85b0d1ed1f60e30d9ae5dff8
TWD-O00047,TWD-E0011,TWD-S0007,response_action,field_deployment,completed,,unknown,,unknown,,unknown,,unknown,,unknown,新竹市北區頭前溪舊港橋右岸防洪牆,township,第二河川局,"{""damaged_length_m"":130}",印刷頁15；表8；新竹市北區頭前溪舊港橋右岸防洪牆,official-response-report-v1,f3bfcd078f6784af706b09fdf26c2f0b25cee811671b8fec245e480cdb84a016
TWD-O00048,TWD-E0011,TWD-S0007,response_action,field_deployment,emergency_repair_initiated,,unknown,,unknown,,unknown,,unknown,,unknown,新竹縣橫山鄉頭前溪山豬湖堤防,township,水利相關單位,"{""damaged_length_m"":400}",印刷頁15；表8；新竹縣橫山鄉頭前溪山豬湖堤防,official-response-report-v1,20fe48f6761815689b4c8cc444028ba1d0261a29129dc58b93db054467520163
TWD-O00049,TWD-E0011,TWD-S0007,response_action,field_deployment,completed,,unknown,,unknown,,unknown,,unknown,,unknown,新竹縣竹北市頭前溪隆恩堰,township,自來水公司,"{""damaged_length_m"":200}",印刷頁14；表8；新竹縣竹北市頭前溪隆恩堰,official-response-report-v1,d025ea02d68852f43de5ce3ac9ce301a8ee44e5a0e7bf8f62bffb066d989a090
TWD-O00050,TWD-E0011,TWD-S0007,response_action,field_deployment,repair_initiated,,unknown,,unknown,,unknown,,unknown,,unknown,新竹縣竹北市頭前溪溪洲橋護岸（湳雅淨水廠排放口）,township,自來水公司,"{""damaged_length_m"":200}",印刷頁14；表8；新竹縣竹北市頭前溪溪洲橋護岸,official-response-report-v1,fac0fa212bd24bdbd2ce02bf5cb8f3edf1c9f21adbb322873a7577d0eae793d0
TWD-O00051,TWD-E0011,TWD-S0007,response_action,field_deployment,completed,,unknown,,unknown,,unknown,,unknown,,unknown,苗栗縣南庄鄉中港溪南庄一號堤防,township,行政院公共工程委員會；水利相關單位,"{""damaged_length_m"":150}",印刷頁15；表8；苗栗縣南庄鄉中港溪南庄一號堤防,official-response-report-v1,f68cfa563d95f463d80f127a398965c18997b0a2bdec0d60889abb3d4bb6db4a
TWD-O00052,TWD-E0011,TWD-S0007,response_action,field_deployment,completed,,unknown,,unknown,,unknown,,unknown,,unknown,苗栗縣三灣鄉中港溪崁頂寮堤防,township,水利相關單位,"{""damaged_length_m"":250}",印刷頁16；表8；苗栗縣三灣鄉中港溪崁頂寮堤防,official-response-report-v1,12c3a519434f3f6cce67ef676403627baf4ef89592edb35a337831be2beb1533
TWD-O00053,TWD-E0011,TWD-S0007,response_action,field_deployment,completed,,unknown,,unknown,,unknown,,unknown,,unknown,苗栗縣三義鄉景山溪高速公路橋下游左岸,township,水利相關單位,"{""damaged_length_m"":80}",印刷頁16；表8；苗栗縣三義鄉景山溪高速公路橋下游左岸,official-response-report-v1,3942db0e4c9b1724d25d8517717230aec45e49104ccf09c446b0518fc7889193
TWD-O00054,TWD-E0011,TWD-S0007,response_action,field_deployment,completed,,unknown,,unknown,,unknown,,unknown,,unknown,苗栗縣三義鄉鯉魚口堤防,township,水利相關單位,"{""damaged_length_m"":80}",印刷頁16；表8；苗栗縣三義鄉鯉魚口堤防,official-response-report-v1,733d65523fee60325b6839c0e8b08edbc92823a80103f98bbfce16c6cfca07fd
TWD-O00055,TWD-E0011,TWD-S0007,response_action,field_deployment,completed,,unknown,,unknown,,unknown,,unknown,,unknown,苗栗縣卓蘭鎮豐洲堤防,township,應急工程人員,{},印刷頁16；表8；苗栗縣卓蘭鎮豐洲堤防,official-response-report-v1,f62b186e3d287e0300f1006c1a89c57ce6475051af27926cc24b507d2136a7b5
TWD-O00056,TWD-E0011,TWD-S0007,response_action,field_deployment,completed,2004-08-25T06:20:00+08:00,minute,2004-08-25T06:20:00+08:00,minute,,unknown,,unknown,,unknown,苗栗縣卓蘭鎮內灣堤防,township,水利相關單位；優良廠商,"{""cranes"":1,""damaged_length_m"":500,""trucks"":3}",印刷頁16；表8；苗栗縣卓蘭鎮內灣堤防；8月25日6:20,official-response-report-v1,f17693bb5fe337be977e727d63b1e482f2725351f5c7c4e31f07cc3b92911e1f
TWD-O00057,TWD-E0012,TWD-S0005,response_action,field_deployment,activated,2004-09-12T07:00:00+08:00,hour,2004-09-12T07:00:00+08:00,hour,,unknown,,unknown,,unknown,全臺（海馬颱風中央災害應變中心）,event,中央災害應變中心,"{""new_response_center"":""海馬颱風中央災害應變中心"",""previous_response_center"":""0911水災中央災害應變中心"",""response_center_transition"":true}",PDF p.1；表2-9-1；93/0912/0700；中央災害應變中心由0911水災轉換成海馬颱風中央災害應變中心,official-response-report-v1,c40f97c56a7c792d7fd0301dbf755b1cc53df374c83ccbabc37dd56f5ea251ec
TWD-O00058,TWD-E0013,TWD-S0012,response_action,road_closure,traffic_interrupted,2004-10-25T10:00:00+08:00,minute,2004-10-25T10:00:00+08:00,minute,,unknown,,unknown,,unknown,台7線84K+650（棲蘭附近）,road_segment,,{},印刷頁12；表2-8-12；台7線84K+650；宜蘭縣大同鄉（棲蘭附近）；93.10.25 10:00,official-response-report-v1,e4aa7c30fb70386a3d769c9587a36fbb59770a6574160ef152b7732ecc1aebf8
TWD-O00059,TWD-E0013,TWD-S0012,response_action,road_closure,traffic_interrupted,2004-10-25T10:00:00+08:00,minute,2004-10-25T10:00:00+08:00,minute,,unknown,,unknown,,unknown,台7線88K+100（棲蘭附近）,road_segment,,{},印刷頁12；表2-8-12；台7線88K+100；宜蘭縣大同鄉（棲蘭附近）；93.10.25 10:00,official-response-report-v1,fc83592141e20727d3e7859d250221288fc7854a1959e45f83a253326a4df660
TWD-O00060,TWD-E0014,TWD-S0086,response_action,field_deployment,activated,,unknown,2005-06-12T02:30:00+08:00,minute,,unknown,,unknown,,unknown,全臺（水利署緊急應變小組）,event,經濟部水利署,"{""response_center_activation"":true,""response_center_level"":3}",WRA 大事紀要 n=5037 s=13621；內容：中央氣象局於6月12日2時30分發布豪雨特報，本署緊急應變小組立即三級開設,official-event-page-v1,4e0d502a6fe57bba163223e4280853a2678ac483a94ac1723a7ba0545f8aa96e
TWD-O00061,TWD-E0015,TWD-S0008,response_action,pump_deployment,ongoing,,unknown,,unknown,,unknown,,unknown,,unknown,臺南縣仁德鄉保安工業區,township,保安抽水站,{},印刷頁11；表2-7-7；臺南縣仁德鄉保安工業區,official-response-report-v1,375bd6a67ca5a306e45a7bda94630182b0143919e1ac99bb7139e355b8ed5620
TWD-O00062,TWD-E0015,TWD-S0008,response_action,pump_deployment,completed,,unknown,,unknown,,unknown,,unknown,,unknown,臺南市南區喜樹路,township,水利局,"{""pump_units"":4}",印刷頁11；表2-7-7；臺南市南區喜樹路,official-response-report-v1,3d93904a8e47827f0263a98e789bb87342376d5c7c400e269a400b17abdbc92b
TWD-O00063,TWD-E0015,TWD-S0008,response_action,pump_deployment,completed,,unknown,,unknown,,unknown,,unknown,,unknown,臺南縣學甲鎮美豐里,township,水利局,"{""pump_units"":1}",印刷頁11；表2-7-7；臺南縣學甲鎮美豐里,official-response-report-v1,08258bafebdfdf6b6199856f9a0c16374a67a48155564f7c62b311e151608be5
TWD-O00064,TWD-E0015,TWD-S0008,response_action,pump_deployment,implemented,2005-07-20T15:00:00+08:00,minute,2005-07-20T15:00:00+08:00,minute,,unknown,,unknown,,unknown,臺南縣麻豆鎮埤頭里、北勢里、小埤里、海埔里,township,台北縣水利局,"{""pump_units"":2}",印刷頁11；表2-7-7；臺南縣麻豆鎮；20日15:00,official-response-report-v1,3080d07bc995dd90f2993423b9dc063e76aa6bc4105a5d1b3ecf99fb985ba37a
TWD-O00065,TWD-E0016,TWD-S0025,response_action,field_deployment,operated,,unknown,2005-08-31,day,,unknown,,unknown,,unknown,曾文水庫,county,水利署南區水資源局,"{""max_discharge_cms"":4850,""operation_kind"":""flood_control"",""operation_period"":""2005-08-31/2005-09-02""}",PDF印刷頁2-11；表2-7(2/2)；第55項；94.08.31~94.09.02；泰利颱風防洪運轉,official-reservoir-operation-v1,10c1a2b87f2e41169108f8a0b380f9bf2eaf412a62e74ea6d97709c40f3a6481
TWD-O00066,TWD-E0017,TWD-S0033,response_action,field_deployment,visited,2006-05-17,day,2006-05-17,day,2006-05-17,day,2006-05-17,day,2006-05-17,day,中央災害應變中心,event,行政院,"{""central_response_center_visit"":true}",行政院97年前影音；日期095-05-17；2006年05月17日蘇貞昌院長視察中央應變防災中心,official-video-news-v1,5518ceed62979521777bd6d2a8e82542cdd247e5ab48188262d67bc62967670c
TWD-O00067,TWD-E0018,TWD-S0087,response_action,field_deployment,activated,2006-06-09,day,2006-06-09,day,,unknown,,unknown,,unknown,全臺（0609豪雨水災中央災害應變中心）,event,經濟部水利署,"{""participating_departments"":""各部會"",""response_center_activation"":true}",WRA 大事紀要 n=5037 s=13870；成立豪雨災害中央應變中心；年度95年／事件時間95-06-09／內容,official-event-page-v1,3c2115a234b3287321067824d735b18c52c0d9abb5db1e1259bcaa3934aa6de6
TWD-O00068,TWD-E0019,TWD-S0088,response_action,field_deployment,activated,,unknown,2007-06-04T15:30:00+08:00,minute,,unknown,,unknown,,unknown,全臺（水利署緊急應變小組）,event,經濟部水利署,"{""later_level_transition_times"":""not stated"",""later_response_levels"":[2,1],""response_center_activation"":true,""response_center_level"":3}",WRA 大事紀要 n=5037 s=14091；成立0604豪雨本署災害緊急應變小組；年度96年／事件時間96-06-04／內容,official-event-page-v1,37e7b092ac45aa8ca3e2598f8857a9b32eab4ec32bd57cd6498ec5a9575fecdd
TWD-O00069,TWD-E0020,TWD-S0031,response_action,field_deployment,activated,,unknown,2007-08-13T15:00:00+08:00,hour,,unknown,,unknown,,unknown,經濟部水利署（0809豪雨水災中央災害應變中心）,event,行政院／經濟部水利署,"{""response_center_activation"":true,""response_center_level"":null}",行政院第3054次院會決議；日期96-08-15；院長提示（一）／報告事項一／院長提示（一）,official-cabinet-resolution-v1,97e5707c819d586e770b9433d751e403fbde6ece205c2bb9790673a905f8a006
TWD-O00070,TWD-E0021,TWD-S0026,response_action,field_deployment,activated,,unknown,2007-10-04T17:30:00+08:00,minute,,unknown,,unknown,,unknown,全臺（淡水河流域防洪指揮中心）,event,經濟部水利署淡水河流域防洪指揮中心,"{""later_level_transition_times"":""2007-10-05T08:00+08:00"",""later_response_levels"":[2],""response_center_activation"":true,""response_center_level"":3}",PDF printed page 2；二、中心成立與應變,official-flood-report-v1,518d63e3e04ad24b65df686d0096eced3eb7b3d2d48e253970a4fc80981639dd
TWD-O00071,TWD-E0022,TWD-S0082,response_action,field_deployment,activated,2008-07-16T15:00:00+08:00,hour,2008-07-16T15:00:00+08:00,hour,2008-08-16,day,,unknown,,unknown,公路總局轄屬各工程處（段）,event,交通部公路總局,{},THB official bulletin 274.pdf；2008/07/16 15:00 卡玫基颱風緊急應變小組二級開設及戒備巡查段落,official-bulletin-v1,fb2ce3796c54f64f67fff7c560bab7f6ff517f27c92a9f1499545e3df75955d8
TWD-O00072,TWD-E0023,TWD-S0021,response_action,field_deployment,dispatched,,unknown,,unknown,2008-08-16,day,,unknown,,unknown,台7線89K+900臨時便道,road_segment,交通部公路總局第四區養護工程處獨立山工務段,{},PDF printed page 1; article section beginning「97年7月27日鳳凰颱風侵台」; temporary bypass dispatch paragraph,official-bulletin-v1,1f4c1e46cb7931c0c65ddd9b5e72bdb67c5335b2923351ddec1a8877c88d9c8f
TWD-O00073,TWD-E0023,TWD-S0021,response_action,road_closure,reported_blocked,2008-07-28,day,2008-07-28,day,2008-08-16,day,,unknown,,unknown,台7線89K+900及台7甲線1K+500至26K+600,road_segment,交通部公路總局第四區養護工程處獨立山工務段,"{""roadbed_destroyed_length_m"":200}",PDF printed page 1; article section beginning「97年7月27日鳳凰颱風侵台」; road interruption paragraph,official-bulletin-v1,244e0edf8272e5f631b401a954478b2c3b2e2ce17efdde12ed9a4db7a1825eb4
TWD-O00074,TWD-E0023,TWD-S0021,response_action,field_deployment,inspected,2008-07-29T10:30:00+08:00,minute,2008-07-29T10:30:00+08:00,minute,2008-08-16,day,,unknown,,unknown,台7線89K+900災害現場,road_segment,交通部公路總局與宜蘭縣政府,{},PDF printed page 1; 2008/07/29 10:30 台7線89K+900現勘與簡報段落,official-bulletin-v1,0b44bf01b86c01157d497a2c2a3adfd1b607fc707bfbfeec38c2b5c84c155284
TWD-O00075,TWD-E0023,TWD-S0021,response_action,road_repair,completed_and_reopened,2008-07-30T17:50:00+08:00,minute,2008-07-30T17:50:00+08:00,minute,2008-08-16,day,,unknown,,unknown,台7線89K+900臨時便道,road_segment,交通部公路總局第四區養護工程處獨立山工務段,{},PDF printed page 1; 2008/07/30 17:50 臨時便道搶通開放段落,official-bulletin-v1,241f9bd47bfd5c05dbe0cc491c68a6270d5dca7d40e968502ec15207cccd6b54
TWD-O00076,TWD-E0024,TWD-S0022,response_action,road_closure,reported_blocked,2008-09-14,day,2008-09-14,day,2008-11-16,day,,unknown,,unknown,台13線后豐大橋（大甲溪）,road_segment,交通部公路總局第二區養護工程處,{},PDF printed pages 1-2;「台13線后豐大橋溪底便道已完工通車」article; 97年9月14日斷橋事故 paragraph,official-bulletin-277-v1,4acdd08303c7b2cde680da0d9c67bf78c894d8acd806b8cdb1f26da1230a8804
TWD-O00077,TWD-E0024,TWD-S0022,response_action,field_deployment,site_surveyed,2008-09-15T10:00:00+08:00,minute,2008-09-15T10:00:00+08:00,minute,2008-11-16,day,,unknown,,unknown,台13線后豐大橋預定施工便道路線之大甲溪河床,road_segment,交通部公路總局第二區養護工程處,{},PDF printed page 2; 9月15日上午10時后豐大橋溪底便道現場勘查 paragraph,official-bulletin-277-v1,2ce6dcf67643b3977f9b9de524ffbf056de579d86a0a964fe103fe2dd64eb247
TWD-O00078,TWD-E0024,TWD-S0022,response_action,road_repair,construction_started,2008-09-27,day,2008-09-27,day,2008-11-16,day,,unknown,,unknown,台13線后豐大橋大甲溪溪底便道,road_segment,交通部公路總局第二區養護工程處,"{""temporary_bypass_length_m"":710,""temporary_bypass_width_m"":15.5}",PDF printed page 2; 9月27日溪底便道開工及設計尺寸 paragraph,official-bulletin-277-v1,383f02a9718f969d1fdb770dc310771dd6a66064165b8a73d8ea5f766f308873
TWD-O00079,TWD-E0024,TWD-S0022,response_action,road_repair,temporary_steel_bridge_construction_started,2008-10-15,day,2008-10-15,day,2008-11-16,day,,unknown,,unknown,台13線后豐大橋溪底便道上游25公尺處,road_segment,交通部公路總局第二區養護工程處,"{""temporary_steel_bridge_length_m"":300,""temporary_steel_bridge_material_weight_t"":1500,""temporary_steel_bridge_width_m"":15.5}",PDF printed page 2; 10月15日臨時鋼便橋開工 paragraph,official-bulletin-277-v1,aaf0b28ef18eddd34900665d9ded817ca572afe13d57048cfbdcadcb0d11192c
TWD-O00080,TWD-E0024,TWD-S0022,response_action,road_repair,temporary_bypass_completed,2008-10-25T16:00:00+08:00,minute,2008-10-25,day,2008-11-16,day,,unknown,,unknown,台13線后豐大橋大甲溪溪底便道,road_segment,交通部公路總局第二區養護工程處,{},PDF printed page 1; 10月25日下午四時現場確認溪底便道完工 paragraph,official-bulletin-277-v1,c3037111030be508e22278ae63eddca4fc7648e5ea2fd5b39a2fcd9a0f35540f
TWD-O00081,TWD-E0024,TWD-S0022,response_action,road_repair,opened_to_traffic,2008-10-26T08:00:00+08:00,minute,2008-10-26T08:00:00+08:00,minute,2008-11-16,day,,unknown,,unknown,台13線后豐大橋大甲溪溪底便道,road_segment,交通部公路總局第二區養護工程處,{},PDF printed page 1; 10月26早上8時溪底便道開放通行 paragraph,official-bulletin-277-v1,24a52482ba19c79c1d5a6cce361e37e8488ae2acf3ca7c0240494fd07687fce2
TWD-O00082,TWD-E0024,TWD-S0023,response_action,road_repair,temporary_steel_bridge_completed,2008-12-29,day,2008-12-29,day,2009-02-16,day,,unknown,,unknown,台13線后豐大橋臨時鋼便橋,road_segment,交通部公路總局第二區養護工程處,{},PDF printed page 1; 97年辛樂克颱風后豐大橋 paragraph; 97年12月29日臨時鋼便橋完成,official-bulletin-280-v1,4b6cef6b0da429246678d121bf394c185146f8a570fb5df830a6a04690d20bae
TWD-O00083,TWD-E0025,TWD-S0009,response_action,road_closure,closed,2008-09-28T16:00:00+08:00,hour,2008-09-28T16:00:00+08:00,hour,,unknown,,unknown,,unknown,南深路橋,road_segment,,{},PDF printed page 13; 表2-2-10 薔蜜颱風所致橋梁封閉資訊；台北市／南深路橋 row,official-response-report-v1,f77e555750e419a7641bfc613ce903eefdf0468c278acb937821ba15d64bbc37
TWD-O00084,TWD-E0026,TWD-S0035,response_action,field_deployment,allocated,2009-10-04,day,,unknown,2009-10-04,day,2009-10-04,day,2009-10-04,day,宜蘭縣,county,中央災害應變中心、內政部消防署,"{""command_communication_platform_vehicles"":2}",行政院全球資訊網〈應變中心：災情通報仍以119為主，02-8196－6999專線電話為輔〉；98-10-04；指揮通訊平台車調度段落,official-page-v1,7e1ac9517a1fada5c2694f8224c05a493787b22fb740f3308fbdeff7e59fa063
TWD-O00085,TWD-E0026,TWD-S0035,response_action,pump_deployment,allocated,2009-10-04,day,,unknown,2009-10-04,day,2009-10-04,day,2009-10-04,day,台北縣、宜蘭到花蓮縣,county,經濟部水利署,"{""allocation_scope"":""台北縣、宜蘭到花蓮縣（區域合計）"",""pump_units"":25}",行政院全球資訊網〈應變中心：災情通報仍以119為主，02-8196－6999專線電話為輔〉；98-10-04；小型抽水機調度段落,official-page-v1,2d84379f263136030a22e1c873e46215c80dbbba9bc9c5a93f7cd328120d5122
TWD-O00086,TWD-E0026,TWD-S0034,response_action,evacuation,in_progress,2009-10-05,day,,unknown,2009-10-05,day,2009-10-05,day,2009-10-05,day,大同鄉寒溪村至寒溪國小,village,大同鄉,"{""destination"":""寒溪國小"",""people_evacuated"":70,""personnel"":120,""support_role"":""evacuation_assistance""}",行政院全球資訊網〈中央災害應變中心請地方政府協助紅色警戒區民眾儘速撤離〉；98-10-05；大同鄉協助寒溪村撤離段落,official-response-briefing-v1,5b9691ad8141bdff70afb22cbcdfdc4dfebecc32d43cb26469c475dcb15244d3
TWD-O00087,TWD-E0026,TWD-S0034,response_action,field_deployment,deployed,2009-10-05,day,,unknown,2009-10-05,day,2009-10-05,day,2009-10-05,day,大隱村,village,,"{""personnel"":50,""support_role"":""sandbag_placement""}",行政院全球資訊網〈中央災害應變中心請地方政府協助紅色警戒區民眾儘速撤離〉；98-10-05；大隱村堆沙包段落,official-response-briefing-v1,8688bdb3f37415315904785f01766e05732036b626e716dc935dcdc744b5a9a2
TWD-O00088,TWD-E0026,TWD-S0034,response_action,rescue,in_progress,2009-10-05,day,,unknown,2009-10-05,day,2009-10-05,day,2009-10-05,day,冬山鄉,township,冬山消防隊,"{""operators"":10,""rubber_boats"":2,""support_role"":""rescue_support""}",行政院全球資訊網〈中央災害應變中心請地方政府協助紅色警戒區民眾儘速撤離〉；98-10-05；冬山消防隊救援支援段落,official-response-briefing-v1,1da3027ed8211715f8bb7e8b2ad8d4e257a42dab565293df00d9b54652264c3d
TWD-O00089,TWD-E0026,TWD-S0034,response_action,field_deployment,deployed,2009-10-05,day,,unknown,2009-10-05,day,2009-10-05,day,2009-10-05,day,冬山鄉,township,冬山鄉公所,"{""personnel"":30,""support_role"":""personnel_transport""}",行政院全球資訊網〈中央災害應變中心請地方政府協助紅色警戒區民眾儘速撤離〉；98-10-05；冬山鄉公所人員運送段落,official-response-briefing-v1,6b5b37e00c9dd52ec224cf49bcff2db97f0c926971bb6621c6f086e120661b54
TWD-O00090,TWD-E0026,TWD-S0034,response_action,field_deployment,deployed,2009-10-05,day,,unknown,2009-10-05,day,2009-10-05,day,2009-10-05,day,環山村,village,國防部,"{""amphibious_assault_vehicles"":4,""personnel"":75,""powered_inflatable_boats"":4}",行政院全球資訊網〈中央災害應變中心請地方政府協助紅色警戒區民眾儘速撤離〉；98-10-05；國防部宜蘭部署段落,official-response-briefing-v1,0914ea59e4ccfcfd978052caf855b3e49a6195cb8375e7c122313dfca6ec244b
TWD-O00091,TWD-E0027,TWD-S0010,response_action,field_deployment,activated,2010-07-26T15:30:00+08:00,minute,2010-07-26T15:30:00+08:00,minute,,unknown,,unknown,,unknown,全臺（水利署災害緊急應變小組）,event,經濟部水利署,"{""response_center_activation"":true,""response_center_level"":3}",《參 2010 水利災害應變處置紀實》表3.6-4；水利署；2010/07/26 15:30三級開設,official-response-report-v1,f6e83f747874e2191cebadf5468e578eda74870c8646545f0e30ba20d5504fcd
TWD-O00092,TWD-E0027,TWD-S0010,response_action,field_deployment,activated,2010-07-27T08:00:00+08:00,hour,2010-07-27T08:00:00+08:00,hour,,unknown,,unknown,,unknown,全臺（水利署災害緊急應變小組）,event,經濟部水利署,"{""response_center_activation"":true,""response_center_level"":2}",《參 2010 水利災害應變處置紀實》表3.6-4；水利署；2010/07/27 08:00提升二級開設,official-response-report-v1,b99e1d24917519a692ee7bf0ad1afdd3c748aed8ddb5b0a05795b8b61c400517
TWD-O00093,TWD-E0028,TWD-S0011,response_action,field_deployment,activated,,unknown,2010-09-01T08:00:00+08:00,minute,,unknown,,unknown,,unknown,第八河川局（事件層級應變單位）,event,經濟部水利署第八河川局,"{""activation_transition"":""提升至二級開設"",""response_center_activation"":true,""response_center_level"":2}","2010 Flood and Drought Mitigation Annual Report printed p.54 Table 3.0-1, p.126 Section 7.1(2), and p.132 Table 3.7-5",official-annual-report-ch3-v1,4690481003746313a832ac5615439160fef707663eda37045060153b190ef9f4
TWD-O00094,TWD-E0029,TWD-S0044,response_action,shelter_opening,open,2010-09-19T19:20:00+08:00,minute,2010-09-18T08:00:00+08:00,minute,,unknown,,unknown,,unknown,高雄縣六龜鄉岡山榮民之家,township,地方政府／內政部社會司,"{""count_semantics"":""shelter occupancy at report cutoff"",""people_sheltered"":14}",第6頁，肆、撤離及收容情形／二、收容情形；高雄縣六龜鄉岡山榮民之家；開設時間2010/09/18 08:00,report-5-v1,77c2933f49150d8c0734777bf8b4abc599f2bcdd626c5b768c135beb430d9668
TWD-O00095,TWD-E0029,TWD-S0044,response_action,shelter_opening,open,2010-09-19T19:20:00+08:00,minute,2010-09-18T15:00:00+08:00,minute,,unknown,,unknown,,unknown,屏東縣瑪家鄉北葉國小體育館,township,地方政府／內政部社會司,"{""count_semantics"":""shelter occupancy at report cutoff"",""people_sheltered"":80}",第6頁，肆、撤離及收容情形／二、收容情形；屏東縣瑪家鄉北葉國小體育館；開設時間2010/09/18 15:00,report-5-v1,f3ca2755facc282cc035004c39600aa3c8fbf6a25c64a2d0c2d91b10b692dcab
TWD-O00096,TWD-E0029,TWD-S0044,response_action,shelter_opening,open,2010-09-19T19:20:00+08:00,minute,2010-09-18T22:30:00+08:00,minute,,unknown,,unknown,,unknown,高雄縣杉林鄉鎮安宮,township,地方政府／內政部社會司,"{""count_semantics"":""shelter occupancy at report cutoff"",""people_sheltered"":122}",第6頁，肆、撤離及收容情形／二、收容情形；高雄縣杉林鄉鎮安宮；開設時間2010/09/18 22:30,report-5-v1,158b15750cca1097cef5f071e04c01df03e7a51960575bf4fdbcd6628b57a74c
TWD-O00097,TWD-E0029,TWD-S0044,response_action,shelter_opening,open,2010-09-19T19:20:00+08:00,minute,2010-09-19T08:15:00+08:00,minute,,unknown,,unknown,,unknown,高雄縣甲仙鄉元宋太祖宮,township,地方政府／內政部社會司,"{""count_semantics"":""shelter occupancy at report cutoff"",""people_sheltered"":19}",第6頁，肆、撤離及收容情形／二、收容情形；高雄縣甲仙鄉元宋太祖宮；開設時間2010/09/19 08:15,report-5-v1,89e212972d9719610b8dcd0c20a2f67cedf0617efc2df074dd0ae620c128f97f
TWD-O00098,TWD-E0029,TWD-S0044,response_action,shelter_opening,open,2010-09-19T19:20:00+08:00,minute,2010-09-19T08:37:00+08:00,minute,,unknown,,unknown,,unknown,屏東縣三地門鄉三地門國小,township,地方政府／內政部社會司,"{""count_semantics"":""shelter occupancy at report cutoff"",""people_sheltered"":232}",第6頁，肆、撤離及收容情形／二、收容情形；屏東縣三地門鄉三地門國小；開設時間2010/09/19 08:37,report-5-v1,ca48fc7b5b31c49ec4a34798566c2890d8c95ccb9f8d5c6ee1e1ef1dbce57e10
TWD-O00099,TWD-E0029,TWD-S0044,response_action,shelter_opening,open,2010-09-19T19:20:00+08:00,minute,2010-09-19T14:43:00+08:00,minute,,unknown,,unknown,,unknown,屏東縣內埔鄉龍泉營區,township,地方政府／內政部社會司,"{""count_semantics"":""shelter occupancy at report cutoff"",""people_sheltered"":356}",第6頁，肆、撤離及收容情形／二、收容情形；屏東縣內埔鄉龍泉營區；開設時間2010/09/19 14:43,report-5-v1,8d850d672ccfabd74302d80f2b16a87dc189b86fccd32a752bfb6093ba198b03
TWD-O00100,TWD-E0029,TWD-S0044,response_action,shelter_opening,open,2010-09-19T19:20:00+08:00,minute,2010-09-19T16:35:00+08:00,minute,,unknown,,unknown,,unknown,臺南縣麻豆鎮代天府,township,地方政府／內政部社會司,"{""count_semantics"":""shelter occupancy at report cutoff"",""people_sheltered"":6}",第5頁，肆、撤離及收容情形／二、收容情形；臺南縣麻豆鎮代天府；開設時間2010/09/19 16:35,report-5-v1,409a5421c4f88e8587f4e8d46d3d3b004aa02e1acdb352b97787756dcae66151
TWD-O00101,TWD-E0029,TWD-S0044,response_action,shelter_opening,open,2010-09-19T19:20:00+08:00,minute,2010-09-19T16:36:00+08:00,minute,,unknown,,unknown,,unknown,臺南縣善化鎮善化鎮公所,township,地方政府／內政部社會司,"{""count_semantics"":""shelter occupancy at report cutoff"",""people_sheltered"":1}",第5頁，肆、撤離及收容情形／二、收容情形；臺南縣善化鎮善化鎮公所；開設時間2010/09/19 16:36,report-5-v1,1bc473ded4faaa95ee7439c6672e69d7fd0f504f0b350c5634d132479822a01b
TWD-O00102,TWD-E0029,TWD-S0044,response_action,evacuation,occurred,2010-09-19T19:20:00+08:00,minute,,unknown,,unknown,,unknown,,unknown,高雄縣,county,內政部民政司,"{""count_semantics"":""cumulative evacuation table at report cutoff"",""cumulative_people"":1895,""new_actual_people"":1895,""planned_people"":1895}",第4頁，肆、撤離及收容情形／一、撤離人數；高雄縣列,report-5-v1,cfbdedc80291db0e0ca289b918d55bbc63af4f9b98ac0e6fd0b2c91657d8b358
TWD-O00103,TWD-E0029,TWD-S0044,response_action,evacuation,occurred,2010-09-19T19:20:00+08:00,minute,,unknown,,unknown,,unknown,,unknown,屏東縣,county,內政部民政司,"{""count_semantics"":""cumulative evacuation table at report cutoff"",""cumulative_people"":2409,""new_actual_people"":2409,""planned_people"":2409}",第4頁，肆、撤離及收容情形／一、撤離人數；屏東縣列,report-5-v1,4e8e1bf1e8415245f20a7c79e3b952a10827dce0be5c3e6d468d54e8015d5ea2
TWD-O00104,TWD-E0029,TWD-S0044,response_action,evacuation,occurred,2010-09-19T19:20:00+08:00,minute,,unknown,,unknown,,unknown,,unknown,臺南縣,county,內政部民政司,"{""count_semantics"":""cumulative evacuation table at report cutoff"",""cumulative_people"":59,""new_actual_people"":59,""planned_people"":59}",第4頁，肆、撤離及收容情形／一、撤離人數；臺南縣列,report-5-v1,e5de999c6f89617b2494e7861bb05755313cf3b9782705fd61fee1d399c8ffa7
TWD-O00105,TWD-E0030,TWD-S0011,response_action,field_deployment,activated,,unknown,2010-10-16T15:00:00+08:00,hour,,unknown,,unknown,,unknown,全臺（水利署災害緊急應變小組）,event,經濟部水利署,"{""response_center_activation"":true,""response_center_level"":3}","2010 Flood and Drought Mitigation Annual Report printed p.54 Table 3.0-1 and p.186 Section 12.3(1), Table 3.12-4",official-annual-report-ch3-v1,4e9aa8efa7ca6d1660d4b9eecf1e52c88eaaf3fe75f86bda0f66cea3e0323efa
TWD-O00106,TWD-E0031,TWD-S0061,response_action,road_access_restriction,single_lane_two_way,2011-06-12T14:00:00+08:00,minute,2011-06-12T04:40:00+08:00,minute,2011-06-12T14:23:00+08:00,minute,,unknown,2011-06-12T14:23:00+08:00,minute,台1甲線16.5K至20.7K龜山路段南下方向,road_segment,交通部公路總局,"{""traffic_pattern"":""bidirectional_single_lane""}",THB official page s=40401；公告 101-06-12 14:23；截至14:00；第2項,official-notice-v1,aa3e9081d9afa60f02f90242ee2600f9c9b43c5c5c3771acefaf6e6f95977b81
TWD-O00107,TWD-E0031,TWD-S0061,response_action,road_closure,closed_for_repair,2011-06-12T14:00:00+08:00,minute,2011-06-12T04:50:00+08:00,minute,2011-06-12T14:23:00+08:00,minute,,unknown,2011-06-12T14:23:00+08:00,minute,台1線24K至24.5K龜山路段南下車道,road_segment,交通部公路總局,{},THB official page s=40401；公告 101-06-12 14:23；截至14:00；第1項,official-notice-v1,3a74d611ae2789cdff854c23159cf3051bb0d8089eeee69638fc838f86e7233c
TWD-O00108,TWD-E0031,TWD-S0061,response_action,road_access_restriction,single_lane_two_way,2011-06-12T14:00:00+08:00,minute,,unknown,2011-06-12T14:23:00+08:00,minute,,unknown,2011-06-12T14:23:00+08:00,minute,台4線36K內柵路段,road_segment,交通部公路總局,"{""traffic_pattern"":""bidirectional_single_lane""}",THB official page s=40401；公告 101-06-12 14:23；截至14:00；第3項,official-notice-v1,0346ed67191669a0e6387698e505b979b0073cfe90a82c2616f41efd3f9e05d4
TWD-O00109,TWD-E0031,TWD-S0061,response_action,road_access_restriction,reported_blocked,2011-06-12T14:00:00+08:00,minute,,unknown,2011-06-12T14:23:00+08:00,minute,,unknown,2011-06-12T14:23:00+08:00,minute,台9線北宜公路50.5K碧湖路段,road_segment,交通部公路總局,"{""planned_traffic_pattern"":""bidirectional_single_lane""}",THB official page s=40401；公告 101-06-12 14:23；截至14:00；第5項,official-notice-v1,56dc01c10755ba4c68fbb6cab81d9798ea7444ef38969b47e61f28cfbd9f65b6
TWD-O00110,TWD-E0031,TWD-S0061,response_action,road_closure,reported_blocked,2011-06-12T14:00:00+08:00,minute,,unknown,2011-06-12T14:23:00+08:00,minute,,unknown,2011-06-12T14:23:00+08:00,minute,台7線北橫公路28K高坡路段,road_segment,交通部公路總局,{},THB official page s=40401；公告 101-06-12 14:23；截至14:00；第4項,official-notice-v1,c344f13f6d818f7452e595fc52a93734e966d7bdc4f1e73a93cc15e8094c7871
TWD-O00111,TWD-E0032,TWD-S0040,response_action,shelter_opening,open,2012-06-12T21:30:00+08:00,minute,2012-06-10T09:46:00+08:00,minute,,unknown,,unknown,,unknown,臺南市左鎮區岡林國小,township,內政部社會司,"{""people_sheltered_cumulative"":3,""people_sheltered_current"":3}",第4頁，肆、撤離及收容情形／二、收容情形／(一)避難收容所；臺南市／左鎮區／岡林國小；開設時間2012/06/10 09:46,central-eoc-report-20120612-2130-v1,e0eb9c2819f3d217ccea8980a97c2fb3cd306bf040c95409fdb023effab108d7
TWD-O00112,TWD-E0032,TWD-S0040,response_action,shelter_opening,open,2012-06-12T21:30:00+08:00,minute,2012-06-10T11:14:00+08:00,minute,,unknown,,unknown,,unknown,屏東縣高樹鄉同慶醫院,township,內政部社會司,"{""people_sheltered_cumulative"":1,""people_sheltered_current"":0}",第5頁，避難收容所表；屏東縣／高樹鄉／同慶醫院；開設時間2012/06/10 11:14,central-eoc-report-20120612-2130-v1,f6f65b78414c671ed32f4e8cec6b3a083e957965c0be2260f7a80a77b4c2d760
TWD-O00113,TWD-E0032,TWD-S0040,response_action,shelter_opening,open,2012-06-12T21:30:00+08:00,minute,2012-06-10T11:15:00+08:00,minute,,unknown,,unknown,,unknown,屏東縣高樹鄉高樹鄉衛生所護理之家,township,內政部社會司,"{""people_sheltered_cumulative"":5,""people_sheltered_current"":5}",第5頁，避難收容所表；屏東縣／高樹鄉／高樹鄉衛生所護理之家；開設時間2012/06/10 11:15,central-eoc-report-20120612-2130-v1,3e074351a27e7ba5f5af2b57abfcb4aca73a3351978403319641d03157c964dc
TWD-O00114,TWD-E0032,TWD-S0040,response_action,shelter_opening,open,2012-06-12T21:30:00+08:00,minute,2012-06-10T14:23:00+08:00,minute,,unknown,,unknown,,unknown,屏東縣來義鄉新來義活動中心,township,內政部社會司,"{""people_sheltered_cumulative"":18,""people_sheltered_current"":0}",第5頁，避難收容所表；屏東縣／來義鄉／新來義活動中心；開設時間2012/06/10 14:23,central-eoc-report-20120612-2130-v1,2dac29c39456a52195f390eabe657c394330ef00ca2899b1d2f2c14a8017d674
TWD-O00115,TWD-E0032,TWD-S0040,response_action,shelter_opening,open,2012-06-12T21:30:00+08:00,minute,2012-06-10T15:05:00+08:00,minute,,unknown,,unknown,,unknown,屏東縣屏東市望嘉村活動中心及派出所,township,內政部社會司,"{""people_sheltered_cumulative"":37,""people_sheltered_current"":0}",第5頁，避難收容所表；屏東縣／屏東市／望嘉村活動中心及派出所；開設時間2012/06/10 15:05,central-eoc-report-20120612-2130-v1,ee67850546919ad1460861795d7bc461fe3f53801c54e060aca11f45b2bec51d
TWD-O00116,TWD-E0032,TWD-S0040,response_action,shelter_opening,open,2012-06-12T21:30:00+08:00,minute,2012-06-10T15:07:00+08:00,minute,,unknown,,unknown,,unknown,屏東縣來義鄉文樂國小,township,內政部社會司,"{""people_sheltered_cumulative"":33,""people_sheltered_current"":0}",第5頁，避難收容所表；屏東縣／來義鄉／文樂國小；開設時間2012/06/10 15:07,central-eoc-report-20120612-2130-v1,d9dc57f4a5d0b69169a10983c79833db3c35e924e491aeca923c4d12c942db4c
TWD-O00117,TWD-E0032,TWD-S0040,response_action,shelter_opening,open,2012-06-12T21:30:00+08:00,minute,2012-06-10T16:00:00+08:00,minute,,unknown,,unknown,,unknown,高雄市燕巢區燕巢民眾活動中心,township,內政部社會司,"{""people_sheltered_cumulative"":5,""people_sheltered_current"":5}",第4頁，避難收容所表；高雄市／燕巢區／燕巢民眾活動中心；開設時間2012/06/10 16:00,central-eoc-report-20120612-2130-v1,8d0b722d59c73f4708546a43d79f29f8c44663fdbc4318f09500bcd152846122
TWD-O00118,TWD-E0032,TWD-S0040,response_action,shelter_opening,open,2012-06-12T21:30:00+08:00,minute,2012-06-10T16:32:00+08:00,minute,,unknown,,unknown,,unknown,屏東縣三地門鄉三地門鄉體育館,township,內政部社會司,"{""people_sheltered_cumulative"":171,""people_sheltered_current"":171}",第5頁，避難收容所表；屏東縣／三地門鄉／三地門鄉體育館；開設時間2012/06/10 16:32,central-eoc-report-20120612-2130-v1,d27cb0755e30ffcd5b3382cb40178be73b225edfa088eca6abdf517087999628
TWD-O00119,TWD-E0032,TWD-S0040,response_action,shelter_opening,open,2012-06-12T21:30:00+08:00,minute,2012-06-10T20:41:00+08:00,minute,,unknown,,unknown,,unknown,屏東縣三地門鄉口社活動中心,township,內政部社會司,"{""people_sheltered_cumulative"":24,""people_sheltered_current"":24}",第5頁，避難收容所表；屏東縣／三地門鄉／口社活動中心；開設時間2012/06/10 20:41,central-eoc-report-20120612-2130-v1,1a392d1ced9af03a62cbde1dc14e1919b998a2d097364fc93d6795c91c97fa89
TWD-O00120,TWD-E0032,TWD-S0040,response_action,shelter_opening,open,2012-06-12T21:30:00+08:00,minute,2012-06-10T20:45:00+08:00,minute,,unknown,,unknown,,unknown,屏東縣三地門鄉青山村辦公處,township,內政部社會司,"{""people_sheltered_cumulative"":8,""people_sheltered_current"":8}",第5頁，避難收容所表；屏東縣／三地門鄉／青山村辦公處；開設時間2012/06/10 20:45,central-eoc-report-20120612-2130-v1,57ca5cd7a80b0ae0f3a35c0ca7cfbb5e66429f659b6d41a63be13a2296ea3911
TWD-O00121,TWD-E0032,TWD-S0040,response_action,shelter_opening,open,2012-06-12T21:30:00+08:00,minute,2012-06-11T12:00:00+08:00,minute,,unknown,,unknown,,unknown,高雄市六龜區興龍社區活動中心,township,內政部社會司,"{""people_sheltered_cumulative"":3,""people_sheltered_current"":0}",第4頁，避難收容所表；高雄市／六龜區／興龍社區活動中心；開設時間2012/06/11 12:00,central-eoc-report-20120612-2130-v1,fe5265cac083cea692abd1e3dc2a0f44ac2812c8c72f48e9578e8f4893779fa2
TWD-O00122,TWD-E0032,TWD-S0040,response_action,shelter_opening,open,2012-06-12T21:30:00+08:00,minute,2012-06-11T12:00:00+08:00,minute,,unknown,,unknown,,unknown,高雄市桃源區高中里活動中心,township,內政部社會司,"{""people_sheltered_cumulative"":8,""people_sheltered_current"":8}",第4頁，避難收容所表；高雄市／桃源區／高中里活動中心；開設時間2012/06/11 12:00,central-eoc-report-20120612-2130-v1,051b1a12e727d5a673e293a69b72c3b55ac1a5b988f4094603355b4a044c0615
TWD-O00123,TWD-E0032,TWD-S0040,response_action,shelter_opening,open,2012-06-12T21:30:00+08:00,minute,2012-06-11T12:00:00+08:00,minute,,unknown,,unknown,,unknown,高雄市桃源區建山里文化聚會所,township,內政部社會司,"{""people_sheltered_cumulative"":16,""people_sheltered_current"":16}",第4頁，避難收容所表；高雄市／桃源區／建山里文化聚會所；開設時間2012/06/11 12:00,central-eoc-report-20120612-2130-v1,555b02257419c61ae134a608a3eeaaa9d32b9968c755453c8b7ae9e1ad9c4c7e
TWD-O00124,TWD-E0032,TWD-S0040,response_action,shelter_opening,open,2012-06-12T21:30:00+08:00,minute,2012-06-11T12:00:00+08:00,minute,,unknown,,unknown,,unknown,高雄市桃源區梅山里馬舒霍爾文化聚落所,township,內政部社會司,"{""people_sheltered_cumulative"":32,""people_sheltered_current"":32}",第4頁，避難收容所表；高雄市／桃源區／梅山里馬舒霍爾文化聚落所；開設時間2012/06/11 12:00,central-eoc-report-20120612-2130-v1,15b069a118f4e4511f510c1f3a035ca70c0886bda592129cef37142b64d9313b
TWD-O00125,TWD-E0032,TWD-S0040,response_action,shelter_opening,open,2012-06-12T21:30:00+08:00,minute,2012-06-11T12:00:00+08:00,minute,,unknown,,unknown,,unknown,高雄市桃源區勤和平台避難屋,township,內政部社會司,"{""people_sheltered_cumulative"":110,""people_sheltered_current"":110}",第4頁，避難收容所表；高雄市／桃源區／勤和平台避難屋；開設時間2012/06/11 12:00,central-eoc-report-20120612-2130-v1,a3a508633a6084957dad64b327e1b80b2ef0c96b29077eb87d77b1058515eb54
TWD-O00126,TWD-E0032,TWD-S0040,response_action,shelter_opening,open,2012-06-12T21:30:00+08:00,minute,2012-06-11T12:04:00+08:00,minute,,unknown,,unknown,,unknown,高雄市桃源區桃源國民小學,township,內政部社會司,"{""people_sheltered_cumulative"":14,""people_sheltered_current"":14}",第4頁，避難收容所表；高雄市／桃源區／桃源國民小學；開設時間2012/06/11 12:04,central-eoc-report-20120612-2130-v1,498b9bcc8e509ee96180de8e0d303c485b3df2ca94f3696b31ffa1fbc45d76cc
TWD-O00127,TWD-E0032,TWD-S0040,response_action,shelter_opening,open,2012-06-12T21:30:00+08:00,minute,2012-06-11T15:00:00+08:00,minute,,unknown,,unknown,,unknown,高雄市甲仙區龍鳳寺,township,內政部社會司,"{""people_sheltered_cumulative"":33,""people_sheltered_current"":33}",第4頁，避難收容所表；高雄市／甲仙區／龍鳳寺；開設時間2012/06/11 15:00,central-eoc-report-20120612-2130-v1,8614dd28b64b9d326e15b53d9af191a6733434257392ba72d6eec8bfd58beee1
TWD-O00128,TWD-E0032,TWD-S0040,response_action,shelter_opening,open,2012-06-12T21:30:00+08:00,minute,2012-06-11T15:00:00+08:00,minute,,unknown,,unknown,,unknown,高雄市甲仙區元宋太祖宮,township,內政部社會司,"{""people_sheltered_cumulative"":4,""people_sheltered_current"":4}",第4頁，避難收容所表；高雄市／甲仙區／元宋太祖宮；開設時間2012/06/11 15:00,central-eoc-report-20120612-2130-v1,b0a9a2b9af19abf9817101c7493e664cdaa331b143c2bdf7a29a25ad00c947ff
TWD-O00129,TWD-E0032,TWD-S0040,response_action,shelter_opening,open,2012-06-12T21:30:00+08:00,minute,2012-06-11T15:00:00+08:00,minute,,unknown,,unknown,,unknown,高雄市茂林區鳳山區農會茂林辦事處,township,內政部社會司,"{""people_sheltered_cumulative"":103,""people_sheltered_current"":103}",第4頁，避難收容所表；高雄市／茂林區／鳳山區農會茂林辦事處；開設時間2012/06/11 15:00,central-eoc-report-20120612-2130-v1,2cf48512f9d2955d21fa1c562da0a9d1a4a9b5552a182511ccc63b1a6e1d80a2
TWD-O00130,TWD-E0032,TWD-S0040,response_action,shelter_opening,open,2012-06-12T21:30:00+08:00,minute,2012-06-11T15:00:00+08:00,minute,,unknown,,unknown,,unknown,高雄市那瑪夏區大光教會（達卡努瓦里）,township,內政部社會司,"{""people_sheltered_cumulative"":18,""people_sheltered_current"":18}",第4–5頁，避難收容所表；高雄市／那瑪夏區／大光教會（達卡努瓦里）；開設時間2012/06/11 15:00,central-eoc-report-20120612-2130-v1,f6711b23b44a04e1d908b8de2512174fd36f5f755165a6e2edd08410c7457f79
TWD-O00131,TWD-E0032,TWD-S0040,response_action,shelter_opening,open,2012-06-12T21:30:00+08:00,minute,2012-06-11T15:00:00+08:00,minute,,unknown,,unknown,,unknown,高雄市那瑪夏區民權國小,township,內政部社會司,"{""people_sheltered_cumulative"":128,""people_sheltered_current"":128}",第5頁，避難收容所表；高雄市／那瑪夏區／民權國小；開設時間2012/06/11 15:00,central-eoc-report-20120612-2130-v1,00db1e12db4bc46744a3538664209153bb4ce9745099480160f85a64e3ed43e0
TWD-O00132,TWD-E0032,TWD-S0040,response_action,shelter_opening,open,2012-06-12T21:30:00+08:00,minute,2012-06-11T15:00:00+08:00,minute,,unknown,,unknown,,unknown,高雄市那瑪夏區民族平台,township,內政部社會司,"{""people_sheltered_cumulative"":36,""people_sheltered_current"":36}",第5頁，避難收容所表；高雄市／那瑪夏區／民族平台；開設時間2012/06/11 15:00,central-eoc-report-20120612-2130-v1,ec2261e188242505621cd94c4f88b31568bd8536ff0b1fe88c9d890daf0ebbd4
TWD-O00133,TWD-E0032,TWD-S0040,response_action,shelter_opening,open,2012-06-12T21:30:00+08:00,minute,2012-06-11T15:09:00+08:00,minute,,unknown,,unknown,,unknown,高雄市那瑪夏區燕巢岡山榮民之家,township,內政部社會司,"{""people_sheltered_cumulative"":4,""people_sheltered_current"":4}",第5頁，避難收容所表；高雄市／那瑪夏區／燕巢岡山榮民之家；開設時間2012/06/11 15:09,central-eoc-report-20120612-2130-v1,33a178c755435a0269188d9d42be3ed11d113f98c9332f0c89f2ea710999a47c
TWD-O00134,TWD-E0032,TWD-S0036,response_action,evacuation,occurred,2012-06-16T11:44:00+08:00,minute,,unknown,2012-06-16T11:44:00+08:00,minute,,unknown,,unknown,全國彙總,event,內政部民政司,"{""count_semantics"":""report_table_cumulative_at_table_update"",""people_evacuated_cumulative"":8659,""people_evacuated_new"":8659,""people_evacuated_planned"":9988}",第2頁，肆、撤離及收容情形／一、撤離人數；資料最後修改時間2012/06/16 11:44,central-eoc-report-20120616-v1,fbce43dfe7aa1b5269828fcb9fbf582658a94c109eea910ae8fbb30d11e58ee3
TWD-O00135,TWD-E0032,TWD-S0036,response_action,shelter_opening,open,2012-06-16T11:44:00+08:00,minute,,unknown,2012-06-16T11:44:00+08:00,minute,,unknown,,unknown,全國彙總,event,內政部社會司,"{""count_semantics"":""report_table_cumulative_at_table_update"",""people_sheltered_cumulative"":2989,""people_sheltered_current"":1146,""shelter_sites_cumulative"":70,""shelter_sites_current"":10}",第2頁，肆、撤離及收容情形／二、收容情形；資料最後修改時間2012/06/16 11:44,central-eoc-report-20120616-v1,480a4c87bd03d806007834963099bbe47f397142f30a60aa98430c721e0cc7a6
TWD-O00136,TWD-E0032,TWD-S0036,response_action,road_closure,reported_blocked,2012-06-16T12:29:00+08:00,minute,,unknown,2012-06-16T12:29:00+08:00,minute,,unknown,,unknown,全國彙總,event,交通部及相關道路主管機關,"{""bridges_closed_total"":38,""bridges_reopened"":34,""bridges_still_closed"":4,""count_semantics"":""report_table_status_at_table_update"",""road_disruption_locations"":95,""road_locations_not_repaired"":33,""road_locations_repaired"":62}",第14至16頁，伍、災情統計／三、交通狀況；資料最後修改時間2012/06/16 12:29,central-eoc-report-20120616-v1,6a038a17acd2759ac8c8c5174ae27c7a809c3f68f13457c4445e6a9cd6aaf4b2
TWD-O00137,TWD-E0032,TWD-S0036,response_action,field_deployment,deployed,2012-06-16T13:03:00+08:00,minute,,unknown,2012-06-16T13:03:00+08:00,minute,,unknown,,unknown,全國彙總,event,國軍、內政部消防署、空勤總隊、警察及海巡等單位,"{""boat_deployments_cumulative"":284,""count_semantics"":""report_table_cumulative_at_table_update"",""helicopter_sorties_cumulative"":170,""responder_deployments_cumulative"":34796,""vehicle_deployments_cumulative"":6959}",第18頁，陸、支援縣市災害應變處理情形／一、救災人力裝備及執行情形；資料最後修改時間2012/06/16 13:03,central-eoc-report-20120616-v1,3390c51bbc14d4ae235d3b03b99a21bf0f9c8c1cd13798ede1f1f681386d7622
TWD-O00138,TWD-E0032,TWD-S0036,response_action,rescue,occurred,2012-06-16T13:03:00+08:00,minute,,unknown,2012-06-16T13:03:00+08:00,minute,,unknown,,unknown,全國彙總,event,國軍、內政部消防署、空勤總隊、警察及海巡等單位,"{""count_semantics"":""report_table_cumulative_at_table_update"",""people_rescued_cumulative"":6179}",第18頁，陸、支援縣市災害應變處理情形／一、救災人力裝備及執行情形；資料最後修改時間2012/06/16 13:03,central-eoc-report-20120616-v1,453e889548d92bd2f4f06e3904151995f39f51dae8768ac0fdc32825f5bdac7f
TWD-O00139,TWD-E0033,TWD-S0037,response_action,shelter_opening,open,2012-06-20T22:00:00+08:00,minute,2012-06-19T09:30:00+08:00,minute,,unknown,,unknown,,unknown,臺南市北門區南鯤鯓代天府,township,臺南市政府／內政部消防署,"{""people_sheltered_cumulative"":1}",第4頁，肆、撤離及收容情形／二、收容情形；臺南市北門區南鯤鯓代天府，開設時間2012/06/19 09:30,report-4-v1,8aa332a9ee894f553ab451b0d82330028dd927bb29ff9b3403666cc55acb8f1c
TWD-O00140,TWD-E0033,TWD-S0037,response_action,shelter_opening,open,2012-06-20T22:00:00+08:00,minute,2012-06-19T10:00:00+08:00,minute,,unknown,,unknown,,unknown,臺南市麻豆區麻豆代天府,township,臺南市政府／內政部消防署,"{""people_sheltered_cumulative"":72}",第4頁，肆、撤離及收容情形／二、收容情形；臺南市麻豆區麻豆代天府，開設時間2012/06/19 10:00,report-4-v1,03b968212d1f08090f47bd64002c6f967e01f139ea61e949ede2989b9c659048
TWD-O00141,TWD-E0033,TWD-S0037,response_action,shelter_opening,open,2012-06-20T22:00:00+08:00,minute,2012-06-19T12:00:00+08:00,minute,,unknown,,unknown,,unknown,嘉義縣水上鄉水上中庄營區,township,嘉義縣政府／內政部消防署,"{""people_sheltered_cumulative"":159}",第8頁，肆、撤離及收容情形／二、收容情形；嘉義縣水上鄉水上中庄營區，開設時間2012/06/19 12:00,report-4-v1,e9cecc7af6ffbad483b75b4c346177868996ce127b2ad87a667a0edd3800f962
TWD-O00142,TWD-E0033,TWD-S0037,response_action,shelter_opening,open,2012-06-20T22:00:00+08:00,minute,2012-06-19T14:21:00+08:00,minute,,unknown,,unknown,,unknown,雲林縣古坑鄉神農飯店,township,雲林縣政府／內政部消防署,"{""people_sheltered_cumulative"":20}",第8頁，肆、撤離及收容情形／二、收容情形；雲林縣古坑鄉神農飯店，開設時間2012/06/19 14:21,report-4-v1,e0fd59dfe00fef9b5c5290086741627ca7afc8aea3c907fc2ce2e489768a8021
TWD-O00143,TWD-E0033,TWD-S0037,response_action,shelter_opening,open,2012-06-20T22:00:00+08:00,minute,2012-06-19T14:22:00+08:00,minute,,unknown,,unknown,,unknown,雲林縣古坑鄉荷苞村聖母宮,township,雲林縣政府／內政部消防署,"{""people_sheltered_cumulative"":4}",第8頁，肆、撤離及收容情形／二、收容情形；雲林縣古坑鄉荷苞村聖母宮，開設時間2012/06/19 14:22,report-4-v1,c6a18c69f896a5968bcfa60b2655ffed1571877d852392a2728d2f7ccc0739f0
TWD-O00144,TWD-E0033,TWD-S0037,response_action,shelter_opening,open,2012-06-20T22:00:00+08:00,minute,2012-06-19T19:00:00+08:00,minute,,unknown,,unknown,,unknown,臺南市永康區永康區公所3樓,township,臺南市政府／內政部消防署,"{""people_sheltered_cumulative"":6}",第4頁，肆、撤離及收容情形／二、收容情形；臺南市永康區永康區公所3樓，開設時間2012/06/19 19:00,report-4-v1,ab1e43eb92551bd67c789e1bf9ac0a8636e928076dab201ed919cd069e1b45b4
TWD-O00145,TWD-E0033,TWD-S0037,response_action,shelter_opening,open,2012-06-20T22:00:00+08:00,minute,2012-06-19T19:00:00+08:00,minute,,unknown,,unknown,,unknown,嘉義縣中埔鄉公所4樓,township,嘉義縣政府／內政部消防署,"{""people_sheltered_cumulative"":1}",第8頁，肆、撤離及收容情形／二、收容情形；嘉義縣中埔鄉公所4樓，開設時間2012/06/19 19:00,report-4-v1,8c5388d2bdf9d710787357f093047d7ac0b8c89a8346b74f7cef8bdbace02a15
TWD-O00146,TWD-E0033,TWD-S0002,response_action,emergency_response_activation,level_1_opened,2012-06-19T20:30:00+08:00,minute,2012-06-19T20:30:00+08:00,minute,,unknown,,unknown,,unknown,中央災害應變中心,event,中央災害應變中心／內政部消防署,"{""response_level"":1}",102年消防白皮書第192頁；災害應變紀錄表；101.06.19泰利颱風列明20時30分提升中央災害應變中心為1級開設,official-whitepaper-page192-v1,9517ad1a3515daef60204eab8a96e4add13d8bdbbe07198dcaf52ee055d1182e
TWD-O00147,TWD-E0033,TWD-S0037,response_action,shelter_opening,open,2012-06-20T22:00:00+08:00,minute,2012-06-19T21:16:00+08:00,minute,,unknown,,unknown,,unknown,嘉義縣番路鄉下坑村老人文康活動中心,township,嘉義縣政府／內政部消防署,"{""people_sheltered_cumulative"":5}",第8頁，肆、撤離及收容情形／二、收容情形；嘉義縣番路鄉下坑村老人文康活動中心，開設時間2012/06/19 21:16,report-4-v1,4f7259163e94e8807b6047bb60b0540150c0e5eed78951ce0fb308c90398d5df
TWD-O00148,TWD-E0033,TWD-S0037,response_action,shelter_opening,open,2012-06-20T22:00:00+08:00,minute,2012-06-20T11:50:00+08:00,minute,,unknown,,unknown,,unknown,臺南市白河區關嶺里活動中心（大成殿）,township,臺南市政府／內政部消防署,"{""people_sheltered_cumulative"":5}",第4頁，肆、撤離及收容情形／二、收容情形；臺南市白河區關嶺里活動中心（大成殿），開設時間2012/06/20 11:50,report-4-v1,c109413af9264523d9a3eb12861e6c99a01ad9425e8b2e6c1840365056ce71d4
TWD-O00149,TWD-E0033,TWD-S0037,response_action,shelter_opening,open,2012-06-20T22:00:00+08:00,minute,2012-06-20T13:00:00+08:00,minute,,unknown,,unknown,,unknown,臺南市善化區多功能活動中心,township,臺南市政府／內政部消防署,"{""people_sheltered_cumulative"":8}",第4頁，肆、撤離及收容情形／二、收容情形；臺南市善化區多功能活動中心，開設時間2012/06/20 13:00,report-4-v1,1313def7a9550eda379bcba82f32b9cc2e6789c837df00d6eac8687f3000ac2c
TWD-O00150,TWD-E0033,TWD-S0037,response_action,shelter_opening,open,2012-06-20T22:00:00+08:00,minute,2012-06-20T13:00:00+08:00,minute,,unknown,,unknown,,unknown,臺南市玉井區豐里里活動中心,township,臺南市政府／內政部消防署,"{""people_sheltered_cumulative"":10}",第4頁，肆、撤離及收容情形／二、收容情形；臺南市玉井區豐里里活動中心，開設時間2012/06/20 13:00,report-4-v1,7e6b37c022fe84d77e90a48e02c5890c4c5e5c41346852e175ac797600525b3a
TWD-O00151,TWD-E0033,TWD-S0037,response_action,shelter_opening,open,2012-06-20T22:00:00+08:00,minute,2012-06-20T13:06:00+08:00,minute,,unknown,,unknown,,unknown,雲林縣臺西鄉安西府,township,雲林縣政府／內政部消防署,"{""people_sheltered_cumulative"":7}",第8頁，肆、撤離及收容情形／二、收容情形；雲林縣臺西鄉安西府，開設時間2012/06/20 13:06,report-4-v1,e30158029627543909b687afeda0081aa332eb7bbd341abfa71cf878ad158406
TWD-O00152,TWD-E0033,TWD-S0037,response_action,evacuation,occurred,2012-06-20T22:00:00+08:00,minute,,unknown,,unknown,,unknown,,unknown,臺南市,county,內政部民政司／臺南市政府,"{""count_semantics"":""report_table_cumulative_at_report_cutoff"",""people_evacuated_cumulative"":538,""people_evacuated_new"":538,""people_evacuated_planned"":508}",第4頁，肆、撤離及收容情形／一、撤離人數；臺南市列，資料統計截止2012/06/20 22:00,report-4-v1,c9928d39a04efff4bb601693b459901dadf6be91c672ed32f15501c63d7ee099
TWD-O00153,TWD-E0034,TWD-S0062,response_action,field_deployment,activated,2013-05-19T10:00:00+08:00,hour,2013-05-19T10:00:00+08:00,hour,,unknown,,unknown,,unknown,公路總局及第二、三、五區養護工程處,event,交通部公路總局,"{""response_center_activation"":true}",THB official page s=42704；0519豪雨；19日10時00分成立應變小組,official-notice-v1,cf40cb14e97395224d491520812bc63a70752df07c8125513af15c4a526e31e5
TWD-O00154,TWD-E0034,TWD-S0062,response_action,road_closure,preventive_closure,2013-05-19T12:00:00+08:00,hour,,unknown,,unknown,,unknown,,unknown,縣169線達邦村27K+600及台21線民權大橋,road_segment,交通部公路總局,"{""preventive_closure_road_segment_count"":2}",THB official page s=42704；截至12時；2路段預警性封閉清單,official-notice-v1,b201a9adc0b93c0e2cc6e2cdb33c6bc33d7da43babd3f456d114c7a9d6c26472
TWD-O00155,TWD-E0034,TWD-S0062,response_action,road_closure,reported_blocked,2013-05-19T12:00:00+08:00,hour,,unknown,,unknown,,unknown,,unknown,台8線德基63K、碧綠溪93K+300；台20線勤和97K-102K、復興102K+300-102K+400、桃源95K+506-95K+783；台21線國姓22K+900-35K+500、望高116K+100、塔塔加122K-145K+000、那瑪夏至五里埔209K-221K,road_segment,交通部公路總局,"{""reported_blocked_road_segment_count"":9}",THB official page s=42704；截至12時；9路段阻斷清單,official-notice-v1,a1fb2ba68aeb2be6d2c18494ae6dc4592e198455a84193d37b132412e7e4440e
TWD-O00156,TWD-E0035,TWD-S0063,response_action,road_access_restriction,ordered,2013-07-12T00:00:00+08:00,minute,2013-07-12T15:00:00+08:00,minute,2013-07-12T00:00:00+08:00,minute,2013-07-12T00:00:00+08:00,minute,2013-07-12T00:00:00+08:00,minute,台7線60.7K至94K路段,road_segment,交通部公路總局,"{""command_stage"":1}",公路局公告102-07-12 00:00；台7線60.7K至94K：15時只出不進，17時預警性封閉,official-notice-v1,4e8d1d3c4c31f77d7837578b2c350ca6bb80ff61ce65f5f3f1bdbf432e33f100
TWD-O00157,TWD-E0035,TWD-S0063,response_action,road_access_restriction,ordered,2013-07-12T00:00:00+08:00,minute,2013-07-12T15:00:00+08:00,minute,2013-07-12T00:00:00+08:00,minute,2013-07-12T00:00:00+08:00,minute,2013-07-12T00:00:00+08:00,minute,台7甲線0K至45K+673路段,road_segment,交通部公路總局,"{""command_stage"":1}",公路局公告102-07-12 00:00；台7甲線0K至45K+673：15時只出不進，17時預警性封閉,official-notice-v1,8b8c884b0ffa1aaa34b52ba7a87d5b00b4f8d0a8cc5306cf0082929af2d21034
TWD-O00158,TWD-E0035,TWD-S0063,response_action,road_closure,ordered,2013-07-12T00:00:00+08:00,minute,2013-07-12T17:00:00+08:00,minute,2013-07-12T00:00:00+08:00,minute,2013-07-12T00:00:00+08:00,minute,2013-07-12T00:00:00+08:00,minute,台7線60.7K至94K路段,road_segment,交通部公路總局,"{""command_stage"":2}",公路局公告102-07-12 00:00；台7線60.7K至94K：15時只出不進，17時預警性封閉,official-notice-v1,e5e5a761dbb7e0a45574ffe5ebf45ec19bca11018b6b9ae05d68c5fdf10d7aa2
TWD-O00159,TWD-E0035,TWD-S0063,response_action,road_closure,ordered,2013-07-12T00:00:00+08:00,minute,2013-07-12T17:00:00+08:00,minute,2013-07-12T00:00:00+08:00,minute,2013-07-12T00:00:00+08:00,minute,2013-07-12T00:00:00+08:00,minute,台7甲線0K至45K+673路段,road_segment,交通部公路總局,"{""command_stage"":2}",公路局公告102-07-12 00:00；台7甲線0K至45K+673：15時只出不進，17時預警性封閉,official-notice-v1,56cd5e83dd766a4f76b92643281f2eceefe13f0b36f815b8510699474de3ad14
TWD-O00160,TWD-E0036,TWD-S0064,response_action,road_closure,ordered,2013-08-22T00:30:00+08:00,minute,2013-08-22T00:30:00+08:00,minute,2013-08-22,date,,unknown,,unknown,台18線96k至108k（塔塔加至自忠）,road_segment,交通部公路總局,{},THB official notice n=87&s=43582；台18線96k至108k（塔塔加至自忠）,official-notice-v1,eef7a248f5552a9fc594ba1970b7b9c291690a6020b94a89db6cfb0fd0410517
TWD-O00161,TWD-E0036,TWD-S0064,response_action,road_closure,ordered,2013-08-22T00:30:00+08:00,minute,2013-08-22T00:30:00+08:00,minute,2013-08-22,date,,unknown,,unknown,台21線78k+750至82k（水里鄉新山段）,road_segment,交通部公路總局,{},THB official notice n=87&s=43582；台21線78k+750至82k（水里鄉新山段）,official-notice-v1,b8394ca7facb9ea61068bed3afb9abb23a823c0f86e171e7435c1c058c4be64f
TWD-O00162,TWD-E0037,TWD-S0065,response_action,road_closure,reported_closed,2013-08-29T00:00:00+08:00,minute,,unknown,2013-08-29T00:00:00+08:00,minute,2013-08-29T00:00:00+08:00,minute,2013-08-29T00:00:00+08:00,minute,臺南市縣178線國3善化交流道,road_segment,交通部公路總局,{},公路局公告102-08-29 00:00；一、路線淹水封閉第7項,official-notice-v1,7b7fee807068ee2677053a4fee5f25c6b1224bddb94a8d7a01bc7425356c9728
TWD-O00163,TWD-E0037,TWD-S0065,response_action,road_closure,reported_closed,2013-08-29T00:00:00+08:00,minute,,unknown,2013-08-29T00:00:00+08:00,minute,2013-08-29T00:00:00+08:00,minute,2013-08-29T00:00:00+08:00,minute,台1線嘉義縣大林鎮至民雄鄉路段,road_segment,交通部公路總局,{},公路局公告102-08-29 00:00；一、路線淹水封閉第1項,official-notice-v1,497e2c1aef96c09c912df2a296c3168439134e21ecabccb17ee436c272bfb90a
TWD-O00164,TWD-E0037,TWD-S0065,response_action,road_closure,reported_closed,2013-08-29T00:00:00+08:00,minute,,unknown,2013-08-29T00:00:00+08:00,minute,2013-08-29T00:00:00+08:00,minute,2013-08-29T00:00:00+08:00,minute,台19甲線臺南市新化區及關廟區,road_segment,交通部公路總局,"{""location_count"":2}",公路局公告102-08-29 00:00；一、路線淹水封閉第3項,official-notice-v1,86d9f526065bce637c00e498215b4dc4e7b63a4488607aa78e9a0e081e522635
TWD-O00165,TWD-E0037,TWD-S0065,response_action,road_closure,reported_closed,2013-08-29T00:00:00+08:00,minute,,unknown,2013-08-29T00:00:00+08:00,minute,2013-08-29T00:00:00+08:00,minute,2013-08-29T00:00:00+08:00,minute,台20線臺南市左鎮區菜寮附近深山橋,road_segment,交通部公路總局,{},公路局公告102-08-29 00:00；一、路線淹水封閉第4項,official-notice-v1,30593858f3109ae60dd4899792c8371d9501e5cab5cff8a631c3c7dfbaa19ad3
TWD-O00166,TWD-E0037,TWD-S0065,response_action,road_closure,reported_closed,2013-08-29T00:00:00+08:00,minute,,unknown,2013-08-29T00:00:00+08:00,minute,2013-08-29T00:00:00+08:00,minute,2013-08-29T00:00:00+08:00,minute,台28線高雄市田寮鄉田寮交流道附近,road_segment,交通部公路總局,{},公路局公告102-08-29 00:00；一、路線淹水封閉第5項,official-notice-v1,5fb12347e86be1b7a4c1ba378c7fdf327d2ac6b1f8ada2a1fc0b8fcc8ec3d058
TWD-O00167,TWD-E0037,TWD-S0065,response_action,road_closure,reported_closed,2013-08-29T00:00:00+08:00,minute,,unknown,2013-08-29T00:00:00+08:00,minute,2013-08-29T00:00:00+08:00,minute,2013-08-29T00:00:00+08:00,minute,台3線苗栗縣獅潭鄉路段,road_segment,交通部公路總局,{},公路局公告102-08-29 00:00；一、路線淹水封閉第2項,official-notice-v1,f30d68708e65e30c35595c0775a32d94ba08fe03fc99fbc4b1570ee7da95742d
TWD-O00168,TWD-E0037,TWD-S0065,response_action,road_closure,reported_closed,2013-08-29T00:00:00+08:00,minute,,unknown,2013-08-29T00:00:00+08:00,minute,2013-08-29T00:00:00+08:00,minute,2013-08-29T00:00:00+08:00,minute,台82線水上交流道至嘉義交流道間,road_segment,交通部公路總局,"{""location_count"":1}",公路局公告102-08-29 00:00；一、路線淹水封閉第6項,official-notice-v1,ad2a8f95cf037474a515a2e773cdaac527be10a540aad7cb649726d974dc5e50
TWD-O00169,TWD-E0037,TWD-S0066,response_action,road_closure,reported_closed,2013-08-29T10:00:00+08:00,hour,2013-08-29T07:00:00+08:00,minute,2013-08-29,day,2013-08-29T00:00:00+08:00,minute,2013-08-29,day,台20線102K+300至102K+400復興便道,road_segment,交通部公路總局第三區養護工程處,{},公路局公告102-08-29 00:00；s=43737；三工處高雄市第2項,official-notice-snapshot-v1,cbeeaa6e738d3b97921ab338147ad3f9e61454660ebe2d2008e5a517542c808a
TWD-O00170,TWD-E0037,TWD-S0066,response_action,road_closure,reported_closed,2013-08-29T10:00:00+08:00,hour,2013-08-29T08:00:00+08:00,minute,2013-08-29,day,2013-08-29T00:00:00+08:00,minute,2013-08-29,day,台20線86K+374塔拉拉魯芙便橋,road_segment,交通部公路總局第三區養護工程處,{},公路局公告102-08-29 00:00；s=43737；三工處高雄市第5項,official-notice-snapshot-v1,b5098365232df2c0a0ca87ea8042aa2aa9432bb402246e9bb42e6700520137d8
TWD-O00171,TWD-E0037,TWD-S0066,response_action,road_closure,reported_closed,2013-08-29T10:00:00+08:00,hour,2013-08-29T08:00:00+08:00,minute,2013-08-29,day,2013-08-29T00:00:00+08:00,minute,2013-08-29,day,台24線32K+890伊拉溪底便道,road_segment,交通部公路總局第三區養護工程處,{},公路局公告102-08-29 00:00；s=43737；三工處屏東縣第1項,official-notice-snapshot-v1,9b61fd3d5258f5a59e4579aa42e0013e84978669fcdc07a40ee37d661c5c2714
TWD-O00172,TWD-E0037,TWD-S0066,response_action,road_closure,reported_closed,2013-08-29T10:00:00+08:00,hour,2013-08-29T08:00:00+08:00,minute,2013-08-29,day,2013-08-29T00:00:00+08:00,minute,2013-08-29,day,台9線455K至470K南迴公路（楓港新路至壽卡）,road_segment,交通部公路總局第三區養護工程處,{},公路局公告102-08-29 00:00；s=43737；三工處屏東縣第2項,official-notice-snapshot-v1,69d53e79bc7b204396ed52278587b0f174c76e9efe901d92d4165cb6dbd549e6
TWD-O00173,TWD-E0038,TWD-S0038,response_action,shelter_opening,open,2013-09-21T09:40:00+08:00,minute,2013-09-20T17:46:00+08:00,minute,,unknown,,unknown,,unknown,臺東縣臺東市馬蘭榮家,township,臺東縣政府／衛生福利部,"{""count_semantics"":""shelter_table_status_at_report_cutoff"",""people_sheltered_cumulative"":2,""people_sheltered_current"":2}",第8頁，附表1，臺東縣／臺東市／馬蘭榮家；開設時間2013/09/20 17:46,report-3-v1,ddadc7e8e5f0b2843f304343d9e85cd2dc3599add8d90e98d66b48839f8413c9
TWD-O00174,TWD-E0038,TWD-S0038,response_action,shelter_opening,open,2013-09-21T09:40:00+08:00,minute,2013-09-20T17:46:00+08:00,minute,,unknown,,unknown,,unknown,臺東縣成功鎮成功鎮公所,township,臺東縣政府／衛生福利部,"{""count_semantics"":""shelter_table_status_at_report_cutoff"",""people_sheltered_cumulative"":4,""people_sheltered_current"":4}",第8頁，附表1，臺東縣／成功鎮／成功鎮公所；開設時間2013/09/20 17:46,report-3-v1,26dcab25546f85fad54839f197ff45323fc0fee3c0ed924da0f57e365dbf9a7a
TWD-O00175,TWD-E0038,TWD-S0038,response_action,shelter_opening,open,2013-09-21T09:40:00+08:00,minute,2013-09-20T18:00:00+08:00,minute,,unknown,,unknown,,unknown,臺東縣綠島鄉南寮村辦公處,township,臺東縣政府／衛生福利部,"{""count_semantics"":""shelter_table_status_at_report_cutoff"",""people_sheltered_cumulative"":4,""people_sheltered_current"":4}",第8頁，附表1，臺東縣／綠島鄉／南寮村辦公處；開設時間2013/09/20 18:00,report-3-v1,ee3961197bdbcb3afaf4cfe77ac916442be1267a5c9d4fc3f1bb5eefe8611fa3
TWD-O00176,TWD-E0038,TWD-S0038,response_action,shelter_opening,open,2013-09-21T09:40:00+08:00,minute,2013-09-20T19:37:00+08:00,minute,,unknown,,unknown,,unknown,臺東縣達仁鄉拉哩吧活動中心,township,臺東縣政府／衛生福利部,"{""count_semantics"":""shelter_table_status_at_report_cutoff"",""people_sheltered_cumulative"":11,""people_sheltered_current"":11}",第8頁，附表1，臺東縣／達仁鄉／拉哩吧活動中心；開設時間2013/09/20 19:37,report-3-v1,c571668d5b5321359fddf6d84aa85af084fac74238227413a669d85bb4ac3c3a
TWD-O00177,TWD-E0038,TWD-S0038,response_action,shelter_opening,open,2013-09-21T09:40:00+08:00,minute,2013-09-20T20:15:00+08:00,minute,,unknown,,unknown,,unknown,臺東縣大武鄉大武國中,township,臺東縣政府／衛生福利部,"{""count_semantics"":""shelter_table_status_at_report_cutoff"",""people_sheltered_cumulative"":97,""people_sheltered_current"":97}",第8頁，附表1，臺東縣／大武鄉／大武國中；開設時間2013/09/20 20:15,report-3-v1,51b6d63b64d91cacd73b2d42025d3d3a53c10c7a2b3918401392dc860c08f3b6
TWD-O00178,TWD-E0038,TWD-S0038,response_action,evacuation,occurred,2013-09-21T09:40:00+08:00,minute,,unknown,,unknown,,unknown,,unknown,臺東縣,county,內政部民政司,"{""count_semantics"":""report_table_cumulative_at_report_cutoff"",""people_evacuated_cumulative"":105,""people_evacuated_new"":105,""people_evacuated_planned"":138}",第3頁，肆、撤離及收容情形／一、撤離人數；臺東縣列，資料統計截止2013/09/21 09:40,report-3-v1,3cd40344e34ba317dacfc8f0af16b8df508051c98c62fd2f3a031da32cce0eef
TWD-O00179,TWD-E0038,TWD-S0048,response_action,road_access_restriction,restricted,2013-09-21T10:00:00+08:00,minute,2013-09-21T10:00:00+08:00,minute,,unknown,,unknown,,unknown,台8線中橫公路關原（116K+500）至太魯閣口（186K+580）,road_segment,交通部公路總局第四區養護工程處洛韶工務段,"{""control_mode"":""只出不進"",""end_km"":186.58,""road_number"":""台8線"",""start_km"":116.5}",PDF viewer page 8；印刷頁碼臺灣公路工程第40卷第12期第592頁；2013.9.21 10:00 timeline row,official-journal-v1,1ae1031d4a8fa629fd0d7c3b6d39e3fcacedd40770f2a132fce3db1b8a16aff6
TWD-O00180,TWD-E0038,TWD-S0048,response_action,evacuation,completed,2013-09-21T12:00:00+08:00,minute,2013-09-21T12:00:00+08:00,minute,,unknown,,unknown,,unknown,花蓮縣秀林鄉天祥地區及台8線關原至太魯閣口,road_segment,交通部公路總局第四區養護工程處洛韶工務段,"{""evacuation_status"":""safe_completion"",""people_evacuated"":247}",PDF viewer page 16；印刷頁碼臺灣公路工程第40卷第12期第600頁；天兔事件應變敘述與旅客撤離段落,official-journal-v1,64f49ac3d56dac2060167ab7727ad688524680ff1dfb5d2ec81b032086fcabd8
TWD-O00181,TWD-E0038,TWD-S0048,response_action,road_closure,preventive_closure,2013-09-21T12:00:00+08:00,minute,2013-09-21T12:00:00+08:00,minute,,unknown,,unknown,,unknown,台8線中橫公路關原（116K+500）至太魯閣口（186K+580）,road_segment,交通部公路總局第四區養護工程處洛韶工務段,"{""closure_mode"":""預警性封閉"",""end_km"":186.58,""road_number"":""台8線"",""start_km"":116.5}",PDF viewer page 8；印刷頁碼臺灣公路工程第40卷第12期第592頁；2013.9.21 12:00 timeline row,official-journal-v1,54cbc4c3cb22374bc9defd2b67a9f25022f6329b2dad60f866b9e23facf79085
TWD-O00182,TWD-E0039,TWD-S0067,response_action,road_access_restriction,ordered,2013-10-05T17:15:00+08:00,minute,2013-10-05T19:00:00+08:00,minute,2013-10-05,day,,unknown,2013-10-05T17:15:00+08:00,minute,台7線北橫公路22.6K至60.7K羅浮至西村路段,road_segment,交通部公路總局第一區養護工程處復興工務段,"{""control_window"":""2013-10-05T19:00:00+08:00/2013-10-06T06:00:00+08:00""}",公路局公告102-10-05 00:00；修改時間17:15；台7線北橫22.6~60.7K羅浮至西村：10/5 19:00至10/6 06:00預計實施進出管制,official-notice-snapshot-v1,590312bb0c9b3e9323ddc9cead7f2446b1fc5defa864f8080c0de8cbbcaedc82
TWD-O00183,TWD-E0039,TWD-S0041,response_action,road_closure,reported_closed,2013-10-06T10:00:00+08:00,minute,,unknown,,unknown,,unknown,,unknown,台7線羅浮至西村22.6K~61K+500,road_segment,內政部消防署／交通部公路總局,"{""closed_segment_count"":1}","NFA Fete Typhoon Central Emergency Operations Response Report No. 2, printed page 3, traffic table (省道)",report-2-v1,e49d891bf42703b8d5153de53314f1eabca6f68deb36858b5c6faa94a9272155
TWD-O00184,TWD-E0039,TWD-S0067,response_action,road_access_restriction,ordered,2013-10-05T17:15:00+08:00,minute,2013-10-06T19:00:00+08:00,minute,2013-10-05,day,,unknown,2013-10-05T17:15:00+08:00,minute,台7線北橫公路22.6K至60.7K羅浮至西村路段,road_segment,交通部公路總局第一區養護工程處復興工務段,"{""control_window"":""2013-10-06T19:00:00+08:00/2013-10-07T06:00:00+08:00""}",公路局公告102-10-05 00:00；修改時間17:15；台7線北橫22.6~60.7K羅浮至西村：10/6 19:00至10/7 06:00預計實施進出管制,official-notice-snapshot-v1,3cd70ddf3d9c95fb7bcc849b65e66292f47a5c29811334a72a3d6b79e4d3b9c2
TWD-O00185,TWD-E0040,TWD-S0068,response_action,field_deployment,activated,,unknown,,unknown,2014-06-15,day,,unknown,2014-06-15T09:06:00+08:00,minute,交通部公路總局第三區養護工程處（高雄、屏東、臺東）,county,交通部公路總局第三區養護工程處,"{""covered_counties"":[""高雄市"",""屏東縣"",""臺東縣""]}",THB official notice s=45937; notice content and modified-time fields,official-notice-v1,960026cd5e2bfd3e00b4135e6ab4142f325ae22f39a78fdb9c1193fe300e5d9a
TWD-O00186,TWD-E0040,TWD-S0068,response_action,emergency_response_activation,level_2_opened,2014-06-15T00:30:00+08:00,minute,2014-06-15T00:30:00+08:00,minute,2014-06-15,day,,unknown,2014-06-15T09:06:00+08:00,minute,交通部公路總局緊急應變小組二級開設,event,交通部公路總局,"{""response_level"":2}",THB official notice s=45937; 15 June 00:30 level-two emergency response opening sentence,official-notice-response-opening-v1,05d71c7c5d1a9dd731337bc706ddd0e05d7904c5426a69c03c28251b8417e34e
TWD-O00187,TWD-E0041,TWD-S0069,response_action,road_access_restriction,ordered,2014-07-22T18:04:00+08:00,minute,2014-07-22T19:00:00+08:00,minute,2014-07-22,day,2014-07-22T00:00:00+08:00,minute,2014-07-22T18:04:00+08:00,minute,台11甲線光豐公路光復至豐濱路段,road_segment,交通部公路總局第四區養護工程處,"{""command_stage"":1}",公路局公告103-07-22；頁面修改時間18:04；公告列舉台11甲線光復至豐濱,official-notice-v1,64d5079aa82c5f64027ac31cac96d422ce4ac545f9a37b033a5b9a8bcb1623e8
TWD-O00188,TWD-E0041,TWD-S0069,response_action,road_access_restriction,ordered,2014-07-22T18:04:00+08:00,minute,2014-07-22T19:00:00+08:00,minute,2014-07-22,day,2014-07-22T00:00:00+08:00,minute,2014-07-22T18:04:00+08:00,minute,台23線富東公路豐南至花東縣界路段,road_segment,交通部公路總局第四區養護工程處,"{""command_stage"":1}",公路局公告103-07-22；頁面修改時間18:04；公告列舉台23線豐南至花東縣界,official-notice-v1,80a1664c6843fea7e91e85d498aa9ea9bd7d7d91a3af431b8ae8d92435f42d32
TWD-O00189,TWD-E0041,TWD-S0069,response_action,road_access_restriction,ordered,2014-07-22T18:04:00+08:00,minute,2014-07-22T19:00:00+08:00,minute,2014-07-22,day,2014-07-22T00:00:00+08:00,minute,2014-07-22T18:04:00+08:00,minute,台7線北橫公路棲蘭至明池路段,road_segment,交通部公路總局第四區養護工程處,"{""command_stage"":1}",公路局公告103-07-22；頁面修改時間18:04；公告列舉台7線北橫公路棲蘭至明池,official-notice-v1,e1a3dcfb8fcd5c0079a7dc10debc328e253d2f3b14de447aacfcd5b97964c8b2
TWD-O00190,TWD-E0041,TWD-S0069,response_action,road_access_restriction,ordered,2014-07-22T18:04:00+08:00,minute,2014-07-22T19:00:00+08:00,minute,2014-07-22,day,2014-07-22T00:00:00+08:00,minute,2014-07-22T18:04:00+08:00,minute,台7甲線中橫公路宜蘭支線棲蘭至思源埡口路段,road_segment,交通部公路總局第四區養護工程處,"{""command_stage"":1}",公路局公告103-07-22；頁面修改時間18:04；公告列舉台7甲線棲蘭至思源埡口,official-notice-v1,c31797a238c8b0049aefe81e9b8f2ba1734f42977c864f0ddce9724d130e81a9
TWD-O00191,TWD-E0041,TWD-S0069,response_action,road_access_restriction,ordered,2014-07-22T18:04:00+08:00,minute,2014-07-22T19:00:00+08:00,minute,2014-07-22,day,2014-07-22T00:00:00+08:00,minute,2014-07-22T18:04:00+08:00,minute,台8線中橫公路大禹嶺至太魯閣路段,road_segment,交通部公路總局第四區養護工程處,"{""command_stage"":1}",公路局公告103-07-22；頁面修改時間18:04；公告列舉台8線大禹嶺至太魯閣,official-notice-v1,e0d2537f1bd47323f51640bcada58f570090a464fc77b0c64791320899f021f2
TWD-O00192,TWD-E0041,TWD-S0069,response_action,road_access_restriction,ordered,2014-07-22T18:04:00+08:00,minute,2014-07-22T19:00:00+08:00,minute,2014-07-22,day,2014-07-22T00:00:00+08:00,minute,2014-07-22T18:04:00+08:00,minute,台9線蘇花公路蘇澳至崇德路段,road_segment,交通部公路總局第四區養護工程處,"{""command_stage"":1}",公路局公告103-07-22；頁面修改時間18:04；公告列舉台9線蘇澳至崇德,official-notice-v1,976a7afce9938f2c41ec0b15ce9572749e21c2bcf02edcdf11dc6f5af5fef258
TWD-O00193,TWD-E0041,TWD-S0069,response_action,road_access_restriction,ordered,2014-07-22T18:04:00+08:00,minute,2014-07-22T19:00:00+08:00,minute,2014-07-22,day,2014-07-22T00:00:00+08:00,minute,2014-07-22T18:04:00+08:00,minute,台9甲線雙連埤至圳頭路段,road_segment,交通部公路總局第四區養護工程處,"{""command_stage"":1}",公路局公告103-07-22；頁面修改時間18:04；公告列舉台9甲線雙連埤至圳頭,official-notice-v1,e63b2d88d7181520e53456765a7380b537cfd26d76c06bbac57bfea25223426d
TWD-O00194,TWD-E0041,TWD-S0069,response_action,road_closure,ordered,2014-07-22T18:04:00+08:00,minute,2014-07-22T21:00:00+08:00,minute,2014-07-22,day,2014-07-22T00:00:00+08:00,minute,2014-07-22T18:04:00+08:00,minute,台11甲線光豐公路光復至豐濱路段,road_segment,交通部公路總局第四區養護工程處,"{""command_stage"":2}",公路局公告103-07-22；頁面修改時間18:04；公告列舉台11甲線光復至豐濱,official-notice-v1,c7eddc6df8fcbfbb8c742b0351f8d07e53aab56a0699f36899bd11bb22f9540e
TWD-O00195,TWD-E0041,TWD-S0069,response_action,road_closure,ordered,2014-07-22T18:04:00+08:00,minute,2014-07-22T21:00:00+08:00,minute,2014-07-22,day,2014-07-22T00:00:00+08:00,minute,2014-07-22T18:04:00+08:00,minute,台23線富東公路豐南至花東縣界路段,road_segment,交通部公路總局第四區養護工程處,"{""command_stage"":2}",公路局公告103-07-22；頁面修改時間18:04；公告列舉台23線豐南至花東縣界,official-notice-v1,ce4316df15e3710dd3908d1375f159bcbc233d7ddd0e3d655ef73b3e968634d2
TWD-O00196,TWD-E0041,TWD-S0069,response_action,road_closure,ordered,2014-07-22T18:04:00+08:00,minute,2014-07-22T21:00:00+08:00,minute,2014-07-22,day,2014-07-22T00:00:00+08:00,minute,2014-07-22T18:04:00+08:00,minute,台7線北橫公路棲蘭至明池路段,road_segment,交通部公路總局第四區養護工程處,"{""command_stage"":2}",公路局公告103-07-22；頁面修改時間18:04；公告列舉台7線北橫公路棲蘭至明池,official-notice-v1,d27ac83d249e5e47bc5b543bbf492e121c99b85350a6a11565305b0df3fd9167
TWD-O00197,TWD-E0041,TWD-S0069,response_action,road_closure,ordered,2014-07-22T18:04:00+08:00,minute,2014-07-22T21:00:00+08:00,minute,2014-07-22,day,2014-07-22T00:00:00+08:00,minute,2014-07-22T18:04:00+08:00,minute,台7甲線中橫公路宜蘭支線棲蘭至思源埡口路段,road_segment,交通部公路總局第四區養護工程處,"{""command_stage"":2}",公路局公告103-07-22；頁面修改時間18:04；公告列舉台7甲線棲蘭至思源埡口,official-notice-v1,38391859e236d2f0890c9ebdcda1232f43dba2e068fcd20808f6859d591796c5
TWD-O00198,TWD-E0041,TWD-S0069,response_action,road_closure,ordered,2014-07-22T18:04:00+08:00,minute,2014-07-22T21:00:00+08:00,minute,2014-07-22,day,2014-07-22T00:00:00+08:00,minute,2014-07-22T18:04:00+08:00,minute,台8線中橫公路大禹嶺至太魯閣路段,road_segment,交通部公路總局第四區養護工程處,"{""command_stage"":2}",公路局公告103-07-22；頁面修改時間18:04；公告列舉台8線大禹嶺至太魯閣,official-notice-v1,0fdd921c22ca917599036437592e83af217403eeca4de9876a9e3f215685df19
TWD-O00199,TWD-E0041,TWD-S0069,response_action,road_closure,ordered,2014-07-22T18:04:00+08:00,minute,2014-07-22T21:00:00+08:00,minute,2014-07-22,day,2014-07-22T00:00:00+08:00,minute,2014-07-22T18:04:00+08:00,minute,台9線蘇花公路蘇澳至崇德路段,road_segment,交通部公路總局第四區養護工程處,"{""command_stage"":2}",公路局公告103-07-22；頁面修改時間18:04；公告列舉台9線蘇澳至崇德,official-notice-v1,413c02eb0c47371e258110e9693534729f5ac5f6daa221f53835ea84bd627872
TWD-O00200,TWD-E0041,TWD-S0069,response_action,road_closure,ordered,2014-07-22T18:04:00+08:00,minute,2014-07-22T21:00:00+08:00,minute,2014-07-22,day,2014-07-22T00:00:00+08:00,minute,2014-07-22T18:04:00+08:00,minute,台9甲線雙連埤至圳頭路段,road_segment,交通部公路總局第四區養護工程處,"{""command_stage"":2}",公路局公告103-07-22；頁面修改時間18:04；公告列舉台9甲線雙連埤至圳頭,official-notice-v1,bc7db7ff30622a7c264d46450880245a09a082d220439c0e628ba5c8fcd3027e
TWD-O00201,TWD-E0042,TWD-S0039,response_action,shelter_opening,open,2014-09-20T21:00:00+08:00,minute,2014-09-20T12:21:00+08:00,minute,,unknown,,unknown,,unknown,臺東縣臺東市馬蘭榮家,township,臺東縣政府／衛生福利部,"{""count_semantics"":""shelter_table_status_at_report_cutoff"",""people_sheltered_cumulative"":4,""people_sheltered_current"":4}",第3頁，附表1，臺東縣／臺東市／馬蘭榮家；開設時間2014/09/20 12:21,report-3-v1,998d606873caf920eeade867673959f36dfceed196c42a69f0e0fe13a9ee2492
TWD-O00202,TWD-E0042,TWD-S0039,response_action,shelter_opening,open,2014-09-20T21:00:00+08:00,minute,2014-09-20T15:15:00+08:00,minute,,unknown,,unknown,,unknown,臺東縣大武鄉大鳥國小愛國蒲分校,township,臺東縣政府／衛生福利部,"{""count_semantics"":""shelter_table_status_at_report_cutoff"",""people_sheltered_cumulative"":33,""people_sheltered_current"":33}",第3頁，附表1，臺東縣／大武鄉／大鳥國小愛國蒲分校；開設時間2014/09/20 15:15,report-3-v1,999bf6dedcbb492fca15a7b53aa41525fbaf298e0c2a8b8ba09a7cd63d396f00
TWD-O00203,TWD-E0042,TWD-S0039,response_action,shelter_opening,open,2014-09-20T21:00:00+08:00,minute,2014-09-20T16:38:00+08:00,minute,,unknown,,unknown,,unknown,臺東縣海端鄉海端鄉立托兒所,township,臺東縣政府／衛生福利部,"{""count_semantics"":""shelter_table_status_at_report_cutoff"",""people_sheltered_cumulative"":3,""people_sheltered_current"":3}",第3頁，附表1，臺東縣／海端鄉／海端鄉立托兒所；開設時間2014/09/20 16:38,report-3-v1,4449fd4712dd1327714695836f7a7b0e757fdc7c8d0852f3d97af6ad3ca18bf3
TWD-O00204,TWD-E0042,TWD-S0039,response_action,evacuation,occurred,2014-09-20T21:00:00+08:00,minute,,unknown,,unknown,,unknown,,unknown,臺東縣,county,內政部民政司,"{""count_semantics"":""report_table_cumulative_at_report_cutoff"",""people_evacuated_cumulative"":10,""people_evacuated_new"":10,""people_evacuated_planned"":16}",第3頁，肆、撤離及收容情形／一、撤離人數；臺東縣列，資料統計截止2014/09/20 21:00,report-3-v1,df095fd2a494f37bef907b94f00ebb06db61359950ef1e8d110c13fc0d5f2cb9
TWD-O00205,TWD-E0042,TWD-S0070,response_action,road_closure,ordered,2014-09-22T12:33:00+08:00,minute,2014-09-21T17:00:00+08:00,minute,2014-09-21,day,,unknown,,unknown,台11甲線3K至18K光復至豐濱路段,road_segment,交通部公路總局花蓮工務段,"{""control_window_start"":""2014-09-21T17:00:00+08:00""}",官方頁面正文；公告日期103-09-21；台11甲線3K至18K光復至豐濱；16時只出不進、17時全線封閉,official-notice-snapshot-v1,107499c0db7c270c72b0dd73974773ccf39c361cab8ea1d3960caf9fe3ef1107
TWD-O00206,TWD-E0043,TWD-S0071,response_action,road_access_restriction,ordered,2015-08-07T16:00:00+08:00,minute,2015-08-07T16:00:00+08:00,minute,2015-08-07T17:27:00+08:00,minute,2015-08-07T17:27:00+08:00,minute,2015-08-07T17:27:00+08:00,minute,台11甲線光豐公路光復至豐濱路段,road_segment,交通部公路總局,"{""command_stage"":1}",公路局公告104-08-07 17:27；一、預警性封閉道路第4項,official-notice-v1,cce57b0c951f139a45547d45599787b1d28355caddb4db0a5a16b3f366fef821
TWD-O00207,TWD-E0043,TWD-S0071,response_action,road_access_restriction,ordered,2015-08-07T16:00:00+08:00,minute,2015-08-07T16:00:00+08:00,minute,2015-08-07T17:27:00+08:00,minute,2015-08-07T17:27:00+08:00,minute,2015-08-07T17:27:00+08:00,minute,台20線南橫公路向陽至霧鹿路段,road_segment,交通部公路總局,"{""command_stage"":1}",公路局公告104-08-07 17:27；一、預警性封閉道路第6項,official-notice-v1,b8d5b1af48fd6b5ed4a8ac4b77fe16dce1011e03e7c846131ea5eee1865d4e82
TWD-O00208,TWD-E0043,TWD-S0071,response_action,road_access_restriction,ordered,2015-08-07T16:00:00+08:00,minute,2015-08-07T16:00:00+08:00,minute,2015-08-07T17:27:00+08:00,minute,2015-08-07T17:27:00+08:00,minute,2015-08-07T17:27:00+08:00,minute,台23線富里至東河路段,road_segment,交通部公路總局,"{""command_stage"":1}",公路局公告104-08-07 17:27；一、預警性封閉道路第5項,official-notice-v1,65e2094e5fc5bf06c91e245879128fd265d397a421982f7c6361b3943adb9b31
TWD-O00209,TWD-E0043,TWD-S0071,response_action,road_access_restriction,ordered,2015-08-07T16:00:00+08:00,minute,2015-08-07T16:00:00+08:00,minute,2015-08-07T17:27:00+08:00,minute,2015-08-07T17:27:00+08:00,minute,2015-08-07T17:27:00+08:00,minute,台7甲線梨山支線棲蘭至思源埡口路段,road_segment,交通部公路總局,"{""command_stage"":1}",公路局公告104-08-07 17:27；一、預警性封閉道路第3項,official-notice-v1,af47a3fa42aa02be8c8b988428cf96c43071403f6cd005ae5c4d36d2522308b5
TWD-O00210,TWD-E0043,TWD-S0071,response_action,road_access_restriction,ordered,2015-08-07T16:00:00+08:00,minute,2015-08-07T16:00:00+08:00,minute,2015-08-07T17:27:00+08:00,minute,2015-08-07T17:27:00+08:00,minute,2015-08-07T17:27:00+08:00,minute,台8線中橫公路大禹嶺至太魯閣路段,road_segment,交通部公路總局,"{""command_stage"":1}",公路局公告104-08-07 17:27；一、預警性封閉道路第2項,official-notice-v1,a61c586c7fd8fa01e5f25d5f5ab27f45d0135f592aac3e131a0b794f967b9d1e
TWD-O00211,TWD-E0043,TWD-S0071,response_action,road_access_restriction,ordered,2015-08-07T16:00:00+08:00,minute,2015-08-07T16:00:00+08:00,minute,2015-08-07T17:27:00+08:00,minute,2015-08-07T17:27:00+08:00,minute,2015-08-07T17:27:00+08:00,minute,台9線蘇花公路蘇澳至崇德路段,road_segment,交通部公路總局,"{""command_stage"":1}",公路局公告104-08-07 17:27；一、預警性封閉道路第1項,official-notice-v1,7f84f88ab26d5499b515cd76ffe2c6b9fbfb1d2f1d8b19d55d6f17dbd00865d6
TWD-O00212,TWD-E0043,TWD-S0071,response_action,road_closure,ordered,2015-08-07T17:27:00+08:00,minute,2015-08-07T18:00:00+08:00,minute,2015-08-07T17:27:00+08:00,minute,2015-08-07T17:27:00+08:00,minute,2015-08-07T17:27:00+08:00,minute,台11甲線光豐公路光復至豐濱路段,road_segment,交通部公路總局,"{""command_stage"":2}",公路局公告104-08-07 17:27；一、預警性封閉道路第4項,official-notice-v1,72df1d8a65807f9cd9284f2694bfceca57f4179f6dd5db95eb58990513c07677
TWD-O00213,TWD-E0043,TWD-S0071,response_action,road_closure,ordered,2015-08-07T17:27:00+08:00,minute,2015-08-07T18:00:00+08:00,minute,2015-08-07T17:27:00+08:00,minute,2015-08-07T17:27:00+08:00,minute,2015-08-07T17:27:00+08:00,minute,台20線南橫公路向陽至霧鹿路段,road_segment,交通部公路總局,"{""command_stage"":2}",公路局公告104-08-07 17:27；一、預警性封閉道路第6項,official-notice-v1,f93b01365763a286adaeaf5a60d8d98d1b5261eddfc794c79cd38e89c8271020
TWD-O00214,TWD-E0043,TWD-S0071,response_action,road_closure,ordered,2015-08-07T17:27:00+08:00,minute,2015-08-07T18:00:00+08:00,minute,2015-08-07T17:27:00+08:00,minute,2015-08-07T17:27:00+08:00,minute,2015-08-07T17:27:00+08:00,minute,台23線富里至東河路段,road_segment,交通部公路總局,"{""command_stage"":2}",公路局公告104-08-07 17:27；一、預警性封閉道路第5項,official-notice-v1,f6ef13d26de7b84906e6c21997c76dcef128ec6af225b27312d028a239b78135
TWD-O00215,TWD-E0043,TWD-S0071,response_action,road_closure,ordered,2015-08-07T17:27:00+08:00,minute,2015-08-07T18:00:00+08:00,minute,2015-08-07T17:27:00+08:00,minute,2015-08-07T17:27:00+08:00,minute,2015-08-07T17:27:00+08:00,minute,台7甲線梨山支線棲蘭至思源埡口路段,road_segment,交通部公路總局,"{""command_stage"":2}",公路局公告104-08-07 17:27；一、預警性封閉道路第3項,official-notice-v1,d7faf8da27f24011536f7a981c495de0e3e6238408c05d7bac9ebd3e9a47947b
TWD-O00216,TWD-E0043,TWD-S0071,response_action,road_closure,ordered,2015-08-07T17:27:00+08:00,minute,2015-08-07T18:00:00+08:00,minute,2015-08-07T17:27:00+08:00,minute,2015-08-07T17:27:00+08:00,minute,2015-08-07T17:27:00+08:00,minute,台8線中橫公路大禹嶺至太魯閣路段,road_segment,交通部公路總局,"{""command_stage"":2}",公路局公告104-08-07 17:27；一、預警性封閉道路第2項,official-notice-v1,9736f75b4ba880eaf34951977f422909ac75b0c15051d951653c54405e17fc73
TWD-O00217,TWD-E0043,TWD-S0071,response_action,road_closure,ordered,2015-08-07T17:27:00+08:00,minute,2015-08-07T18:00:00+08:00,minute,2015-08-07T17:27:00+08:00,minute,2015-08-07T17:27:00+08:00,minute,2015-08-07T17:27:00+08:00,minute,台9線蘇花公路蘇澳至崇德路段,road_segment,交通部公路總局,"{""command_stage"":2}",公路局公告104-08-07 17:27；一、預警性封閉道路第1項,official-notice-v1,5892459b6f3576d39f9dc4fb66054155974d9b3e4639e7ad84f9b4e44a66a047
TWD-O00218,TWD-E0044,TWD-S0050,response_action,road_closure,reported_closed,2015-09-28T23:00:00+08:00,hour,2015-09-28T14:00:00+08:00,hour,2015-09-28T23:33:00+08:00,minute,2015-09-28T23:33:00+08:00,minute,2015-09-28T23:33:00+08:00,minute,台9甲線烏來路段,road_segment,交通部公路總局,{},公告日期104-09-28 23:33；截至28日23時；一、11. 台9甲線烏來路段,official-bulletin-snapshot-v1,a1bafbb766b560c2d5b7d87fcbe6c52ebd065f5d0dccb45d97d8520f314aa3d5
TWD-O00219,TWD-E0044,TWD-S0046,response_action,evacuation,occurred,2015-09-28T22:00:00+08:00,minute,,unknown,,unknown,,unknown,,unknown,新北市,county,內政部民政司／新北市政府,"{""count_semantics"":""cumulative evacuation total at report cutoff"",""cumulative_people"":2199}",第4頁，肆、撤離及收容情形／一、撤離人數；新北市列,report-3-v1,89903d9b101f2f691f30edd13224dc7e7a1188331128df48ef395fad0771bb0b
TWD-O00220,TWD-E0044,TWD-S0046,response_action,field_deployment,activated,2015-09-28T22:00:00+08:00,minute,,unknown,,unknown,,unknown,,unknown,雲林縣災害應變中心,county,雲林縣政府／中央災害應變中心,"{""count_semantics"":""county response-center status at report cutoff"",""response_center_level"":1}",第2頁，參、應變作為／一、縣市成立災害應變中心情形；雲林縣,report-3-v1,53e5ab57f25ee3f40a9d595c6707a91e78de0d85ff5dfe8bd7d3bdc72765d138
TWD-O00221,TWD-E0044,TWD-S0046,response_action,road_closure,reported_closed,2015-09-28T22:00:00+08:00,minute,,unknown,,unknown,,unknown,,unknown,台9甲線烏來,road_segment,交通部公路總局,"{""status"":""closed"",""status_intervals"":3}",第5頁，伍、災情統計／三、交通狀況／(一)道路、橋梁阻斷與搶修；台9甲線烏來,report-3-v1,b48d4a25a83102115f385b98a88a536b10b04e5a075cfd7d11fa09613ed1411e
TWD-O00222,TWD-E0045,TWD-S0018,response_action,field_deployment,activated,,unknown,2016-06-10T13:30:00+08:00,minute,,unknown,,unknown,,unknown,全臺（水利署災害緊急應變小組）,event,經濟部水利署,"{""response_center_activation"":true,""response_center_level"":3}",WRA FERC event page s=39561；基本資訊／影響期間與事件陳述／應變小組開設紀錄,official-event-page-v1,e0246a96715826b04b19a12aeb24f211d99d65ea8db7da59d0a408e98591e606
TWD-O00223,TWD-E0046,TWD-S0072,response_action,road_closure,ordered,2016-07-07T09:59:00+08:00,minute,2016-07-07T20:00:00+08:00,minute,2016-07-07T09:59:00+08:00,minute,2016-07-07T09:59:00+08:00,minute,2016-07-07T09:59:00+08:00,minute,台18線66K至88K，石棹至阿里山,road_segment,交通部公路總局第五區養護工程處,{},"THB official notice, 2016-07-07 09:59, stage one",official-notice-v1,d213973fa47d0f726773c55ac6600b3a5ce40e5d3729387845b3259e419b18d5
TWD-O00224,TWD-E0046,TWD-S0072,response_action,road_closure,ordered,2016-07-07T09:59:00+08:00,minute,2016-07-07T22:00:00+08:00,minute,2016-07-07T09:59:00+08:00,minute,2016-07-07T09:59:00+08:00,minute,2016-07-07T09:59:00+08:00,minute,台18線34K至66K，觸口至石棹,road_segment,交通部公路總局第五區養護工程處,{},"THB official notice, 2016-07-07 09:59, stage two",official-notice-v1,fade650619a77d867a9cd818ccd076d878d7a479f38a6d8e23f2b1fe1703661e
TWD-O00225,TWD-E0047,TWD-S0047,response_action,road_closure,reported_closed,2016-09-13T23:00:00+08:00,minute,2016-09-13T18:00:00+08:00,hour,,unknown,,unknown,,unknown,台20線南橫公路向陽至霧鹿路段,road_segment,交通部公路總局,"{""closure_kind"":""preventive"",""status"":""closed""}",第5頁，伍、災情統計／三、交通狀況／(四)公路；台20線向陽至霧鹿路段,report-2-v1,9ab8df20c0fd5e81add204bb07a429fc196819e206f5ad046c15b4d13e9064ee
TWD-O00226,TWD-E0047,TWD-S0047,response_action,road_closure,planned_closed,2016-09-13T23:00:00+08:00,minute,2016-09-13T22:00:00+08:00,hour,,unknown,,unknown,,unknown,台23線豐南至花東縣界路段,road_segment,交通部公路總局,"{""closure_kind"":""preventive_planned"",""status"":""planned_closed""}",第5頁，伍、災情統計／三、交通狀況／(四)公路；台23線豐南至花東縣界路段,report-2-v1,d090ab305792aee629097e66b52abc805954a3c56d60d95ec1032235764db14b
TWD-O00227,TWD-E0047,TWD-S0047,response_action,evacuation,occurred,2016-09-13T23:00:00+08:00,minute,,unknown,,unknown,,unknown,,unknown,屏東縣,county,內政部民政司／屏東縣政府,"{""count_semantics"":""evacuation table status at report cutoff"",""people_sheltered_or_evacuated"":249,""township_count"":1,""village_count"":3}",第3頁，肆、撤離及收容情形／一、撤離人數；屏東縣列,report-2-v1,037f0b6b0399345fa83f78b33d7b05191c6fabb3f944136742446e5aef77b5a9
TWD-O00228,TWD-E0047,TWD-S0047,response_action,shelter_opening,open,2016-09-13T23:00:00+08:00,minute,,unknown,,unknown,,unknown,,unknown,屏東縣,county,衛生福利部／屏東縣政府,"{""count_semantics"":""aggregate shelter status at report cutoff"",""people_sheltered"":2,""shelter_count"":1}",第4頁，肆、撤離及收容情形／二、收容情形；屏東縣列,report-2-v1,34bdd3f884bccbff54d98155e915615bd3f39fe70cb1d56ccd8458a91772f67b
TWD-O00229,TWD-E0047,TWD-S0047,response_action,road_closure,planned_closed,2016-09-13T23:00:00+08:00,minute,2016-09-14T00:00:00+08:00,hour,,unknown,,unknown,,unknown,台9線南迴公路香蘭至新路路段,road_segment,交通部公路總局,"{""closure_kind"":""preventive_planned"",""status"":""planned_closed""}",第5頁，伍、災情統計／三、交通狀況／(四)公路；台9線南迴公路香蘭至新路路段,report-2-v1,b30b5b04eff8fade920f9a470e5545461f0e239c3f9716951a4d8ab789023aa3
TWD-O00230,TWD-E0048,TWD-S0073,response_action,road_access_restriction,ordered,2016-09-27T06:03:00+08:00,minute,2016-09-27T08:00:00+08:00,minute,2016-09-27T06:03:00+08:00,minute,2016-09-27T06:03:00+08:00,minute,2016-09-27T06:03:00+08:00,minute,台9線104K至179K，蘇花公路蘇澳至崇德,road_segment,交通部公路總局,"{""command_stage"":1}",公路局公告105-09-27 06:03；台9線104K至179K：08時只出不進，10時全面封閉,official-notice-v1,45bfccafa66fae4c693e4ca4486401700f7d47e473700df45874d5ece7b5d52f
TWD-O00231,TWD-E0048,TWD-S0073,response_action,road_closure,ordered,2016-09-27T06:03:00+08:00,minute,2016-09-27T10:00:00+08:00,minute,2016-09-27T06:03:00+08:00,minute,2016-09-27T06:03:00+08:00,minute,2016-09-27T06:03:00+08:00,minute,台9線104K至179K，蘇花公路蘇澳至崇德,road_segment,交通部公路總局,"{""command_stage"":2}",公路局公告105-09-27 06:03；台9線104K至179K：08時只出不進，10時全面封閉,official-notice-v1,41ed28fdbeb01317398a7ec36910072b4edc74723e315eced4ad299851638a83
TWD-O00232,TWD-E0049,TWD-S0042,response_action,shelter_opening,open,2017-06-03T06:00:00+08:00,minute,2017-06-01T21:00:00+08:00,minute,,unknown,,unknown,,unknown,高雄市那瑪夏區岡山榮民之家,township,高雄市政府／內政部消防署,"{""people_sheltered_cumulative"":9}",第4頁，肆、撤離及收容情形／二、收容情形；高雄市那瑪夏區岡山榮民之家，開設起時間2017/06/01 21:00,report-v1,4dc2c9ace16c438a22b2c12eec7243daa199a4b8e81ed5026ce8a976fac91782
TWD-O00233,TWD-E0049,TWD-S0042,response_action,shelter_opening,open,2017-06-03T06:00:00+08:00,minute,2017-06-01T21:00:00+08:00,minute,,unknown,,unknown,,unknown,高雄市桃源區岡山榮民之家2,township,高雄市政府／內政部消防署,"{""people_sheltered_cumulative"":12,""people_sheltered_current"":8}",第4頁，肆、撤離及收容情形／二、收容情形；高雄市桃源區岡山榮民之家2，開設起時間2017/06/01 21:00,report-v1,4974ee526b602adcdf96c342221ca8032c70d1ecacf6b9e4224dadf492fbdef4
TWD-O00234,TWD-E0049,TWD-S0042,response_action,shelter_opening,open,2017-06-03T06:00:00+08:00,minute,2017-06-02T00:01:00+08:00,minute,,unknown,,unknown,,unknown,新北市石門區草里市民活動中心,township,新北市政府／內政部消防署,"{""people_sheltered_cumulative"":4}",第3頁，肆、撤離及收容情形／二、收容情形；新北市石門區草里市民活動中心，開設起時間2017/06/02 00:01,report-v1,fa4edff33822fb02f6c4a1e541506447059e5211d7584139ca7d22ac834fbc40
TWD-O00235,TWD-E0049,TWD-S0042,response_action,shelter_opening,open,2017-06-03T06:00:00+08:00,minute,2017-06-02T00:01:00+08:00,minute,,unknown,,unknown,,unknown,新北市石門區老梅市民活動中心,township,新北市政府／內政部消防署,"{""people_sheltered_cumulative"":5}",第3頁，肆、撤離及收容情形／二、收容情形；新北市石門區老梅市民活動中心，開設起時間2017/06/02 00:01,report-v1,41b51a3172e680a8dbc4bcac8fc58aef4d7485dc56e3504803fec6d5df6412db
TWD-O00236,TWD-E0049,TWD-S0042,response_action,shelter_opening,open,2017-06-03T06:00:00+08:00,minute,2017-06-02T00:01:00+08:00,minute,,unknown,,unknown,,unknown,新北市石門區乾華派出所,township,新北市政府／內政部消防署,"{""people_sheltered_cumulative"":10}",第3頁，肆、撤離及收容情形／二、收容情形；新北市石門區乾華派出所，開設起時間2017/06/02 00:01,report-v1,96c356af23c840a7d12d216d9fc546338c8fafa73ee1fb9a9da4d50074f51327
TWD-O00237,TWD-E0049,TWD-S0042,response_action,shelter_opening,open,2017-06-03T06:00:00+08:00,minute,2017-06-02T00:01:00+08:00,minute,,unknown,,unknown,,unknown,新北市石門區山溪市民活動中心,township,新北市政府／內政部消防署,"{""people_sheltered_cumulative"":1}",第3頁，肆、撤離及收容情形／二、收容情形；新北市石門區山溪市民活動中心，開設起時間2017/06/02 00:01,report-v1,5f1634cd4746848781630039b26e68dcd4a68357050cf8ea9a63dbe14adfb71d
TWD-O00238,TWD-E0049,TWD-S0042,response_action,shelter_opening,open,2017-06-03T06:00:00+08:00,minute,2017-06-02T07:01:00+08:00,minute,,unknown,,unknown,,unknown,新北市石門區石門區公所,township,新北市政府／內政部消防署,"{""people_sheltered_cumulative"":49,""people_sheltered_current"":8}",第3頁，肆、撤離及收容情形／二、收容情形；新北市石門區石門區公所，開設起時間2017/06/02 07:01,report-v1,aa70b2aa34550ae4b2496b2a8f37fc215944e065249216817fb805c2c65f7bfd
TWD-O00239,TWD-E0049,TWD-S0042,response_action,shelter_opening,open,2017-06-03T06:00:00+08:00,minute,2017-06-02T10:01:00+08:00,minute,,unknown,,unknown,,unknown,新北市石門區富基市民活動中心,township,新北市政府／內政部消防署,"{""people_sheltered_cumulative"":6}",第3頁，肆、撤離及收容情形／二、收容情形；新北市石門區富基市民活動中心，開設起時間2017/06/02 10:01,report-v1,b9a69ee224cd3faeaa1e72c0521b188bafc1c5713546a099e226f361ce051d51
TWD-O00240,TWD-E0049,TWD-S0042,response_action,rescue,rescued,2017-06-03T06:00:00+08:00,minute,2017-06-02T12:21:00+08:00,minute,,unknown,,unknown,,unknown,新北市石門區草里里,township,新北市政府／消防救災單位,"{""people_involved"":3,""people_rescued"":2}",第4頁，伍、災情統計／一、人命傷亡；新北市列第2項，受困事件12:54、2人獲救，報告統計截止2017/06/03 06:00,report-v1,34d3af4ed714aa16f49fd7cf2f93595baae5cdadd952f187c24f7c0ae2ef581f
TWD-O00241,TWD-E0049,TWD-S0042,response_action,emergency_response_activation,opened,2017-06-03T06:00:00+08:00,minute,2017-06-02T13:00:00+08:00,minute,,unknown,,unknown,,unknown,中央災害應變中心,event,中央災害應變中心,"{""response_center_activation"":true}",第1頁；壹、災情簡要；昨(2)日13時開設「0601豪雨中央災害應變中心」,report-opening-v1,f63e83fdba7423645121957d7392f436630a14ee9c5c66e1822c18db03331e53
TWD-O00242,TWD-E0049,TWD-S0042,response_action,shelter_opening,open,2017-06-03T06:00:00+08:00,minute,2017-06-02T14:01:00+08:00,minute,,unknown,,unknown,,unknown,新北市汐止區翠柏新村老人安養中心,township,新北市政府／內政部消防署,"{""people_sheltered_cumulative"":16,""people_sheltered_current"":16}",第3頁，肆、撤離及收容情形／二、收容情形；新北市汐止區翠柏新村老人安養中心，開設起時間2017/06/02 14:01,report-v1,79d65cde8b16a23f67b44798da9b90721284816459b3f3c7e397a63e34ccdf2f
TWD-O00243,TWD-E0049,TWD-S0042,response_action,shelter_opening,open,2017-06-03T06:00:00+08:00,minute,2017-06-02T16:00:00+08:00,minute,,unknown,,unknown,,unknown,高雄市六龜區大津社區活動中心,township,高雄市政府／內政部消防署,"{""people_sheltered_cumulative"":7,""people_sheltered_current"":7}",第4頁，肆、撤離及收容情形／二、收容情形；高雄市六龜區大津社區活動中心，開設起時間2017/06/02 16:00,report-v1,903214213b4a89983b3d1a79323da7020e0773d6f63bd2d6b9cb7981d10cb810
TWD-O00244,TWD-E0049,TWD-S0042,response_action,shelter_opening,open,2017-06-03T06:00:00+08:00,minute,2017-06-02T16:00:00+08:00,minute,,unknown,,unknown,,unknown,高雄市六龜區六龜綜合社會福利服務中心,township,高雄市政府／內政部消防署,"{""people_sheltered_cumulative"":8,""people_sheltered_current"":8}",第4頁，肆、撤離及收容情形／二、收容情形；高雄市六龜區六龜綜合社會福利服務中心，開設起時間2017/06/02 16:00,report-v1,3c6b1e535df185d799177fe1231e4ff15bd21221e0330c27271027af46808676
TWD-O00245,TWD-E0049,TWD-S0042,response_action,shelter_opening,open,2017-06-03T06:00:00+08:00,minute,2017-06-02T18:36:00+08:00,minute,,unknown,,unknown,,unknown,南投縣埔里鎮蜈蚣里集會所,township,南投縣政府／內政部消防署,"{""people_sheltered_cumulative"":5,""people_sheltered_current"":5}",第3頁，肆、撤離及收容情形／二、收容情形；南投縣埔里鎮蜈蚣里集會所，開設起時間2017/06/02 18:36,report-v1,fa95767296321bb923df869a77453a9c62394bc747273a3d745ce7a5d3957643
TWD-O00246,TWD-E0049,TWD-S0042,response_action,shelter_opening,open,2017-06-03T06:00:00+08:00,minute,2017-06-02T20:00:00+08:00,minute,,unknown,,unknown,,unknown,高雄市桃源區復興里安息日教會,township,高雄市政府／內政部消防署,"{""people_sheltered_cumulative"":32,""people_sheltered_current"":32}",第4頁，肆、撤離及收容情形／二、收容情形；高雄市桃源區復興里安息日教會，開設起時間2017/06/02 20:00,report-v1,4a5abec896de712c06e1ac3e43d3377c33e743e405c7448e262ef1ea2dd56568
TWD-O00247,TWD-E0049,TWD-S0042,response_action,shelter_opening,open,2017-06-03T06:00:00+08:00,minute,2017-06-02T20:00:00+08:00,minute,,unknown,,unknown,,unknown,高雄市桃源區拉芙蘭活動中心,township,高雄市政府／內政部消防署,"{""people_sheltered_cumulative"":91,""people_sheltered_current"":91}",第4頁，肆、撤離及收容情形／二、收容情形；高雄市桃源區拉芙蘭活動中心，開設起時間2017/06/02 20:00,report-v1,c4777f08763ef1c6034a5462c00197d9d2ad5abc32c5817d78a703e1da89f951
TWD-O00248,TWD-E0049,TWD-S0042,response_action,shelter_opening,open,2017-06-03T06:00:00+08:00,minute,2017-06-02T20:00:00+08:00,minute,,unknown,,unknown,,unknown,高雄市桃源區梅山里馬舒霍爾活動中心,township,高雄市政府／內政部消防署,"{""people_sheltered_cumulative"":20,""people_sheltered_current"":20}",第4頁，肆、撤離及收容情形／二、收容情形；高雄市桃源區梅山里馬舒霍爾活動中心，開設起時間2017/06/02 20:00,report-v1,61b253a3d7d258a94d10f931c284ec59d7aaa9a0b9cf1e8b02aa95653d65be53
TWD-O00249,TWD-E0049,TWD-S0042,response_action,shelter_opening,open,2017-06-03T06:00:00+08:00,minute,2017-06-02T20:00:00+08:00,minute,,unknown,,unknown,,unknown,高雄市桃源區桃源里文物館,township,高雄市政府／內政部消防署,"{""people_sheltered_cumulative"":15,""people_sheltered_current"":15}",第4頁，肆、撤離及收容情形／二、收容情形；高雄市桃源區桃源里文物館，開設起時間2017/06/02 20:00,report-v1,fbfdebcab3b4ae387674bdb584b54168b8b6eb87b7e3d09f08970ba8ae7d2c95
TWD-O00250,TWD-E0049,TWD-S0042,response_action,evacuation,occurred,2017-06-03T06:00:00+08:00,minute,,unknown,,unknown,,unknown,,unknown,南投縣,county,內政部民政司／南投縣政府,"{""count_semantics"":""report_table_cumulative_at_report_cutoff"",""people_evacuated_cumulative"":7,""people_evacuated_new"":7,""people_evacuated_planned"":7}",第3頁，肆、撤離及收容情形／一、撤離人數；南投縣列，資料統計截止2017/06/03 06:00,report-v1,bef652bfefd139133761e4e47c6d445bacb7bb1502183ada95f78271e2242302
TWD-O00251,TWD-E0049,TWD-S0042,response_action,evacuation,occurred,2017-06-03T06:00:00+08:00,minute,,unknown,,unknown,,unknown,,unknown,新北市,county,內政部民政司／新北市政府,"{""count_semantics"":""report_table_cumulative_at_report_cutoff"",""people_evacuated_cumulative"":547,""people_evacuated_new"":306,""people_evacuated_planned"":306}",第3頁，肆、撤離及收容情形／一、撤離人數；新北市列，資料統計截止2017/06/03 06:00,report-v1,4fa3fa85305365d6d16923c621ad752f371356b5db335cbf81f4a2823d5584ce
TWD-O00252,TWD-E0050,TWD-S0043,response_action,shelter_opening,open,2017-06-17T17:00:00+08:00,minute,2017-06-16T20:00:00+08:00,minute,,unknown,,unknown,,unknown,南投縣信義鄉神木村活動中心,township,南投縣政府／衛生福利部,"{""count_semantics"":""shelter_table_status_at_report_cutoff"",""people_sheltered_cumulative"":26,""people_sheltered_current"":26}",第3頁，附表1，南投縣／信義鄉／神木村活動中心；開設時間2017/06/16 20:00,report-2017-0613-v1,e422cae7e79e2a4053f31bc06f1b8267139748c6f38f6e3269c662565ca87016
TWD-O00253,TWD-E0050,TWD-S0043,response_action,shelter_opening,open,2017-06-17T17:00:00+08:00,minute,2017-06-17T09:02:00+08:00,minute,,unknown,,unknown,,unknown,南投縣信義鄉台大實驗林和社,township,南投縣政府／衛生福利部,"{""count_semantics"":""shelter_table_status_at_report_cutoff"",""people_sheltered_cumulative"":12,""people_sheltered_current"":12}",第3頁，附表1，南投縣／信義鄉／台大實驗林和社；開設時間2017/06/17 09:02,report-2017-0613-v1,365e57bfde659dd4eab615469d9995c61dfb6b1def36b8c877cefc1733dd199f
TWD-O00254,TWD-E0050,TWD-S0043,response_action,evacuation,occurred,2017-06-17T17:00:00+08:00,minute,,unknown,,unknown,,unknown,,unknown,南投縣,county,內政部民政司,"{""count_semantics"":""report_table_cumulative_at_report_cutoff"",""people_evacuated_cumulative"":94,""people_evacuated_new"":94,""people_evacuated_planned"":94}",第3頁，肆、撤離及收容情形／一、撤離人數；南投縣列，資料統計截止2017/06/17 17:00,report-2017-0613-v1,376ec71e926f1e466d878a3885db14d859af68929393b15c543fff8738402b02
TWD-O00255,TWD-E0051,TWD-S0045,response_action,evacuation,occurred,2017-07-30T14:00:00+08:00,minute,,unknown,,unknown,,unknown,,unknown,南投縣,county,內政部民政司,"{""count_semantics"":""report_table_cumulative_at_report_cutoff"",""people_evacuated_cumulative"":156}",第3頁，肆、撤離及收容情形／一、撤離人數；南投縣列，資料統計截止2017/07/30 14:00,report-3-v1,d6176de75f387d26be5669a73a7922a3d9915f30d230347dad6b9d0c39a3caee
TWD-O00256,TWD-E0051,TWD-S0045,response_action,evacuation,occurred,2017-07-30T14:00:00+08:00,minute,,unknown,,unknown,,unknown,,unknown,屏東縣,county,內政部民政司,"{""count_semantics"":""report_table_cumulative_at_report_cutoff"",""people_evacuated_cumulative"":639}",第3頁，肆、撤離及收容情形／一、撤離人數；屏東縣列，資料統計截止2017/07/30 14:00,report-3-v1,931b5592eea3d804a80d34084180d2cee8b400e013a299fa4fa11d2e4de1e56a
TWD-O00257,TWD-E0051,TWD-S0045,response_action,evacuation,occurred,2017-07-30T14:00:00+08:00,minute,,unknown,,unknown,,unknown,,unknown,宜蘭縣,county,內政部民政司,"{""count_semantics"":""report_table_cumulative_at_report_cutoff"",""people_evacuated_cumulative"":891}",第3頁，肆、撤離及收容情形／一、撤離人數；宜蘭縣列，資料統計截止2017/07/30 14:00,report-3-v1,de8250232833d4b57a52e9e57a36c6e54a3ca23c6f9c1f9b0a76c7e824819557
TWD-O00258,TWD-E0052,TWD-S0001,response_action,field_deployment,activated,2017-10-13T23:30:00+08:00,minute,2017-10-13T23:30:00+08:00,minute,,unknown,,unknown,,unknown,1011豪雨中央災害應變中心,event,行政院災害防救辦公室／經濟部,"{""command_status"":""activated"",""response_center_level"":2}",第2頁（印刷頁1），一、1011豪雨災害應變處置作為／（二）應變處置作為第2點；啟動時間2017/10/13 23:30,weekly-report-20171018-v1,1050992ffc7a676e666e6c33a9be96c896694839489915c697158e1c9be23a58
TWD-O00259,TWD-E0052,TWD-S0001,response_action,evacuation,occurred,2017-10-18,day,,unknown,,unknown,,unknown,,unknown,新北市、宜蘭縣、花蓮縣、臺東縣,county,地方政府／中央災害應變中心,"{""count_semantics"":""aggregate count reported in the 2017/10/18 weekly report"",""people_evacuated_cumulative"":1909}",第3頁（印刷頁2），一、1011豪雨災害應變處置作為／（四）災情彙整第4點；報告日期2017/10/18,weekly-report-20171018-v1,5661da1d88a9481e3a791fa5af8fecab5956a03209d5251f7dc49032048cdc2b
TWD-O00260,TWD-E0052,TWD-S0001,response_action,road_closure,reported_closed,2017-10-18,day,,unknown,,unknown,,unknown,,unknown,臺20線利稻附近2處、臺23線16-25K,road_segment,交通部公路總局,"{""road_status"":""reported_closed_and_repaired""}",第3頁（印刷頁2），一、1011豪雨災害應變處置作為／（五）交通狀況第1點；臺20線利稻附近2處、臺23線16-25K,weekly-report-20171018-v1,324f759ad87dc01a2c64a22fdef8d346d6b36d957c636817c6593041ed23396c
TWD-O00261,TWD-E0052,TWD-S0001,response_action,road_closure,reported_closed,2017-10-18,day,,unknown,,unknown,,unknown,,unknown,臺7甲線34K,road_segment,交通部公路總局,"{""road_status"":""reported_closed_and_repaired""}",第3頁（印刷頁2），一、1011豪雨災害應變處置作為／（五）交通狀況第1點；臺7甲線34K,weekly-report-20171018-v1,8c17c108d5e286742b385a143b61c154a93d40885d3246b50c05e4caf70d98f3
TWD-O00262,TWD-E0052,TWD-S0001,response_action,shelter_opening,open,2017-10-18,day,,unknown,,unknown,,unknown,,unknown,新北市、宜蘭縣、花蓮縣、臺東縣,county,地方政府／中央災害應變中心,"{""count_semantics"":""aggregate count reported in the 2017/10/18 weekly report"",""people_sheltered_cumulative"":338,""shelter_sites_cumulative"":27}",第3頁（印刷頁2），一、1011豪雨災害應變處置作為／（四）災情彙整第4點；報告日期2017/10/18,weekly-report-20171018-v1,d2f1b8bca9f506b6457d5d6e7fbe49648554a2110015607f8bd19bafe4226a9b
TWD-O00263,TWD-E0053,TWD-S0074,response_action,field_deployment,activated,2018-06-13T14:00:00+08:00,hour,2018-06-13T14:00:00+08:00,hour,2018-06-13T14:52:00+08:00,minute,,unknown,2018-06-13T14:52:00+08:00,minute,南區養護工程分局,event,交通部公路總局第三區養護工程處,"{""response_center_activation"":true}",THB official page s=57231；公告 107-06-13 14:52；14:00成立緊急應變小組,official-notice-v1,229390273ae5ecbc771e1ca951e39dcb4643971ab61fc9f0596b11a9b199935a
TWD-O00264,TWD-E0054,TWD-S0083,response_action,emergency_response_activation,level_3_opened,2018-06-19T12:10:00+08:00,minute,2018-06-19T12:10:00+08:00,minute,,unknown,,unknown,,unknown,水利署及所屬第五、六、七河川局與南區水資源局應變小組,event,經濟部水利署及所屬河川局、南區水資源局,"{""response_level"":3}",WRA official news s=60942；0619豪雨處置消息；應變小組開設段落；當(19)日12時10分,official-news-opening-v1,122ae6d9112f2fbdef84bd00075855d2f07c16b3c40fb358b1b2c167357c6d5f
TWD-O00265,TWD-E0054,TWD-S0083,response_action,emergency_response_activation,level_2_opened,2018-06-19T17:00:00+08:00,hour,2018-06-19T17:00:00+08:00,hour,,unknown,,unknown,,unknown,水利署二級應變開設,event,經濟部水利署,"{""response_level"":2}",WRA official news s=60942；0619豪雨處置消息；二級開設段落；下午17時,official-news-opening-v1,1a6533379899cf8646fa438da7d21ffed7f9b2a03557cbd81430c47e53519c2a
TWD-O00266,TWD-E0054,TWD-S0051,response_action,road_closure,ordered,2018-06-19T17:35:00+08:00,minute,2018-06-19T20:00:00+08:00,minute,2018-06-19T17:35:00+08:00,minute,,unknown,2018-06-19T17:35:00+08:00,minute,台24線德文路口至霧台（神山部落）27.6K至37.2K,road_segment,交通部公路總局第三區養護工程處,"{""end_km"":37.2,""planned_reopen_at"":""2018-06-20T07:00:00+08:00"",""road_number"":""台24線"",""start_km"":27.6}",THB official notice s=57313；公告107-06-19 17:35；台24線德文路口至霧台27.6K至37.2K預警性封閉,official-notices-v1,effbf5edbf745391b980011c98ddcaed1479bda9d4d3acb7a0c1253fc3cd9692
TWD-O00267,TWD-E0054,TWD-S0051,response_action,road_closure,confirmed_closed_and_reopened,2018-06-20T06:00:00+08:00,minute,2018-06-19T22:00:00+08:00,minute,2018-06-20T06:07:00+08:00,minute,,unknown,2018-06-20T06:07:00+08:00,minute,台29線那瑪夏至五里埔臨時便道11K至23K（臨11便道0K至12K）,road_segment,交通部公路總局第三區養護工程處,"{""primary_end_km"":23,""primary_start_km"":11,""reopened_at"":""2018-06-20T06:00:00+08:00"",""road_number"":""台29線／臨11便道"",""temporary_end_km"":12,""temporary_start_km"":0}",THB official notice s=57317；公告107-06-20 06:07；台29線那瑪夏至五里埔預警性封閉路段開放通行；內文回溯6月19日22時封閉及6月20日6時開放,official-notices-v1,bb28509696be6ea2682e446ca25006b0a9fbd6cc02f86c51dc920521746399e9
TWD-O00268,TWD-E0054,TWD-S0083,response_action,pump_deployment,deployed,2018-06-20T16:00:00+08:00,hour,,unknown,,unknown,,unknown,,unknown,A幹線抽水站,county,經濟部水利署第四、七河川局,"{""aggregate_pump_units_across_named_locations"":20,""pump_units"":3}",WRA official news s=60942；0619豪雨處置消息；截至107-06-20 16時；A幹線抽水站抽水機3台,official-news-v1,59f86889cb4d3068adc31e0a7d08960f9e889cc895fd165f88569d391b3a217d
TWD-O00269,TWD-E0054,TWD-S0083,response_action,pump_deployment,deployed,2018-06-20T16:00:00+08:00,hour,,unknown,,unknown,,unknown,,unknown,放索溝抽水站,county,經濟部水利署第四、七河川局,"{""aggregate_pump_units_across_named_locations"":20,""pump_units"":1}",WRA official news s=60942；0619豪雨處置消息；截至107-06-20 16時；放索溝抽水站抽水機1台,official-news-v1,9dcda1bbc8979a97690f4419010882c736e9968394529bfe28c9fd65b0bbdfb5
TWD-O00270,TWD-E0054,TWD-S0083,response_action,pump_deployment,deployed,2018-06-20T16:00:00+08:00,hour,,unknown,,unknown,,unknown,,unknown,筏子路溝,county,經濟部水利署第四、七河川局,"{""aggregate_pump_units_across_named_locations"":20,""pump_units"":1}",WRA official news s=60942；0619豪雨處置消息；截至107-06-20 16時；筏子路溝抽水機1台,official-news-v1,8a8ce9a7df2de7a142187b7dec730d52ea7e364c9079e614abd69f193de9cb0b
TWD-O00271,TWD-E0054,TWD-S0083,response_action,pump_deployment,deployed,2018-06-20T16:00:00+08:00,hour,,unknown,,unknown,,unknown,,unknown,八甲頭支線,county,經濟部水利署第四、七河川局,"{""aggregate_pump_units_across_named_locations"":20,""pump_units"":5}",WRA official news s=60942；0619豪雨處置消息；截至107-06-20 16時；八甲頭支線抽水機5台,official-news-v1,84e11fb0c1531e509b19e7746626aa526dbfa9f0787bff7af3c3145f7765befd
TWD-O00272,TWD-E0054,TWD-S0083,response_action,pump_deployment,deployed,2018-06-20T16:00:00+08:00,hour,,unknown,,unknown,,unknown,,unknown,林邊抽水站,county,經濟部水利署第四、七河川局,"{""aggregate_pump_units_across_named_locations"":20,""pump_units"":8}",WRA official news s=60942；0619豪雨處置消息；截至107-06-20 16時；林邊抽水站抽水機8台,official-news-v1,caeb6a8e0659935c71fe6136911fce52489aa1174ad9e89a4acc3b67966b602f
TWD-O00273,TWD-E0054,TWD-S0083,response_action,pump_deployment,deployed,2018-06-20T16:00:00+08:00,hour,,unknown,,unknown,,unknown,,unknown,親林運動公園,county,經濟部水利署第四、七河川局,"{""aggregate_pump_units_across_named_locations"":20,""pump_units"":1}",WRA official news s=60942；0619豪雨處置消息；截至107-06-20 16時；親林運動公園抽水機1台,official-news-v1,10e9a873ec44d90d53e716c3c5e7849988e043556235745bcf34952ebf182d62
TWD-O00274,TWD-E0054,TWD-S0083,response_action,pump_deployment,deployed,2018-06-20T16:00:00+08:00,hour,,unknown,,unknown,,unknown,,unknown,水月軒,county,經濟部水利署第四、七河川局,"{""aggregate_pump_units_across_named_locations"":20,""pump_units"":1}",WRA official news s=60942；0619豪雨處置消息；截至107-06-20 16時；水月軒抽水機1台,official-news-v1,100be4f20b82504a7d3cf52fe3cedfad41758c570c7cadfa1e442ee842930af6
TWD-O00275,TWD-E0055,TWD-S0017,response_action,pump_deployment,deployed,,unknown,,unknown,,unknown,,unknown,,unknown,嘉義縣、臺南市、高雄市、屏東縣（合計）,event,經濟部水利署,"{""aggregate_pump_units_across_named_counties"":207,""named_support_counties"":[""嘉義縣"",""臺南市"",""高雄市"",""屏東縣""]}",WRA FERC event page；基本資訊／事件陳述；抽水機應變段落,official-event-page-v1,73697f9d3d637acd1ebfe58dc7abba9390ba193ca85af25c947f0034a799617e
TWD-O00276,TWD-E0056,TWD-S0075,response_action,road_closure,reported_closed,2018-08-24T17:00:00+08:00,minute,,unknown,2018-08-24T17:19:00+08:00,minute,2018-08-24T17:19:00+08:00,minute,2018-08-24T17:19:00+08:00,minute,台1線258.2K至258.5K民雄路段,road_segment,交通部公路總局,{},公路局第4報；公告日期107-08-24 17:19；內文截至17時；一、預警性封閉路段第1項,report-4-v1,031a593cfc419acc644d6f349c814ec260fcdaa4c07024a38196a153803c2417
TWD-O00277,TWD-E0056,TWD-S0075,response_action,road_closure,reported_closed,2018-08-24T17:00:00+08:00,minute,,unknown,2018-08-24T17:19:00+08:00,minute,2018-08-24T17:19:00+08:00,minute,2018-08-24T17:19:00+08:00,minute,台1線277.9K至278.2K八掌溪橋,road_segment,交通部公路總局,{},公路局第4報；公告日期107-08-24 17:19；內文截至17時；一、預警性封閉路段第2項,report-4-v1,a467b805f69874debef43273b9eaf663d800319958d41cc3c89a213074b4a137
TWD-O00278,TWD-E0056,TWD-S0075,response_action,road_closure,reported_closed,2018-08-24T17:00:00+08:00,minute,,unknown,2018-08-24T17:19:00+08:00,minute,2018-08-24T17:19:00+08:00,minute,2018-08-24T17:19:00+08:00,minute,台1線291.6K急水溪橋,road_segment,交通部公路總局,{},公路局第4報；公告日期107-08-24 17:19；內文截至17時；一、預警性封閉路段第3項,report-4-v1,dfde845f5b96283460f0d9eaca336a3799701a9605e23b5fe02091bbf0c8730e
TWD-O00279,TWD-E0056,TWD-S0075,response_action,road_closure,reported_closed,2018-08-24T17:00:00+08:00,minute,,unknown,2018-08-24T17:19:00+08:00,minute,2018-08-24T17:19:00+08:00,minute,2018-08-24T17:19:00+08:00,minute,台18線6.9K至7.3K太保路段,road_segment,交通部公路總局,{},公路局第4報；公告日期107-08-24 17:19；內文截至17時；一、預警性封閉路段第4項,report-4-v1,a639e2c5decca4f63f1fb3112d8e7d23f6437bb60ac844e4a08b9f2bf01a28ad
TWD-O00280,TWD-E0056,TWD-S0075,response_action,road_closure,reported_closed,2018-08-24T17:00:00+08:00,minute,,unknown,2018-08-24T17:19:00+08:00,minute,2018-08-24T17:19:00+08:00,minute,2018-08-24T17:19:00+08:00,minute,台21線110K至144K草坪頭至塔塔加路段,road_segment,交通部公路總局,"{""daily_closure_end_time"":""07:00"",""daily_closure_start_time"":""17:30""}",公路局第4報；公告日期107-08-24 17:19；內文截至17時；一、預警性封閉路段第5項,report-4-v1,b752c0312e9e3d1707f45f25cdffdd3c4d507497bcc25b7b565452cc79de2567
TWD-O00281,TWD-E0056,TWD-S0075,response_action,road_closure,reported_closed,2018-08-24T17:00:00+08:00,minute,,unknown,2018-08-24T17:19:00+08:00,minute,2018-08-24T17:19:00+08:00,minute,2018-08-24T17:19:00+08:00,minute,台82線30K中和交流道西行下嘉175線匝道出口,road_segment,交通部公路總局,{},公路局第4報；公告日期107-08-24 17:19；內文截至17時；一、預警性封閉路段第6項,report-4-v1,6a614b951f6e863f6187202e18df7e36b896670859e14c3058461daca6d343a5
TWD-O00282,TWD-E0057,TWD-S0076,response_action,road_access_restriction,northbound_lane_closed_bidirectional_diversion,2018-09-16T10:00:00+08:00,minute,,unknown,2018-09-16T10:32:00+08:00,minute,,unknown,2018-09-16T10:32:00+08:00,minute,台26線7K至7.5K竹坑路段北上車道,road_segment,交通部公路總局第三區養護工程處,"{""closed_direction"":""northbound"",""diversion"":""southbound_bidirectional""}",THB official page s=57968；公告 107-09-16 10:32；狀態截至10:00；台26線竹坑路段,official-notice-v1,0444d55eba22debf1235d56129355f4fe87a60b13e8922fdb835700cfe778005
TWD-O00283,TWD-E0057,TWD-S0076,response_action,road_access_restriction,northbound_lane_closed_bidirectional_diversion,2018-09-16T10:00:00+08:00,minute,,unknown,2018-09-16T10:32:00+08:00,minute,,unknown,2018-09-16T10:32:00+08:00,minute,台9線419K至422K多良路段,road_segment,交通部公路總局第三區養護工程處,"{""closed_direction"":""northbound"",""diversion"":""southbound_bidirectional""}",THB official page s=57968；公告 107-09-16 10:32；狀態截至10:00；台9線多良路段,official-notice-v1,bca19c176d7e19b8ea4857fc98251cfb8c5257d30cbaf2c614c41b40c80fc6cc
TWD-O00284,TWD-E0057,TWD-S0076,response_action,road_access_restriction,northbound_lane_closed_bidirectional_diversion,2018-09-16T10:00:00+08:00,minute,,unknown,2018-09-16T10:32:00+08:00,minute,,unknown,2018-09-16T10:32:00+08:00,minute,台9線439K+500至441K+900南興路段,road_segment,交通部公路總局第三區養護工程處,"{""closed_direction"":""northbound"",""diversion"":""southbound_bidirectional""}",THB official page s=57968；公告 107-09-16 10:32；狀態截至10:00；台9線南興路段,official-notice-v1,dacc016a95429f48642f81b1f1015d1d9dc337795b250a37709a9eec5ca35b5d
TWD-O00285,TWD-E0057,TWD-S0076,response_action,road_closure,reported_blocked,2018-09-16T10:00:00+08:00,minute,,unknown,2018-09-16T10:32:00+08:00,minute,,unknown,2018-09-16T10:32:00+08:00,minute,台20線159K+300、158K+200、158K+900向陽路段附近,road_segment,交通部公路總局第三區養護工程處,{},THB official page s=57968；公告 107-09-16 10:32；狀態截至10:00；台20線向陽路段,official-notice-v1,0ec833096b4c5d0063437e14c115398d9a397f04d9573b02793b268324ceac9d
TWD-O00286,TWD-E0057,TWD-S0076,response_action,road_closure,reported_blocked,2018-09-16T10:00:00+08:00,minute,,unknown,2018-09-16T10:32:00+08:00,minute,,unknown,2018-09-16T10:32:00+08:00,minute,台20線173K+700利稻、188K+200及189K+500下馬路段,road_segment,交通部公路總局第三區養護工程處,{},THB official page s=57968；公告 107-09-16 10:32；狀態截至10:00；台20線利稻至下馬路段,official-notice-v1,cbff36d4c1ce7c66c726c05073e6c383e517c435bef297b126c59fc722323366
TWD-O00287,TWD-E0057,TWD-S0076,response_action,road_closure,reported_blocked,2018-09-16T10:00:00+08:00,minute,,unknown,2018-09-16T10:32:00+08:00,minute,,unknown,2018-09-16T10:32:00+08:00,minute,台23線18K至21K+400北源附近,road_segment,交通部公路總局第三區養護工程處,{},THB official page s=57968；公告 107-09-16 10:32；狀態截至10:00；台23線北源路段,official-notice-v1,7107cc6e801382b36a2da296ec06d95d7695b96eca969e438ecd8a913a2d8610
TWD-O00288,TWD-E0058,TWD-S0015,response_action,pump_deployment,deployed,,unknown,,unknown,,unknown,,unknown,,unknown,基隆市、新竹市、苗栗縣、南投縣（大型抽水機支援 aggregate）,county,經濟部水利署,"{""aggregate_pump_trips"":9,""named_support_areas"":[""基隆市"",""新竹市"",""苗栗縣"",""南投縣""]}",108 0520豪雨事件；事件統計；抽水機9台次,official-event-report-v1,1d4f6bc8b6d2ab25bc6062ec17618391071244311053b18ecd3c92e18b28d5bd
TWD-O00289,TWD-E0058,TWD-S0015,response_action,field_deployment,activated,2019-05-20T07:30:00+08:00,minute,2019-05-20T07:30:00+08:00,minute,,unknown,,unknown,,unknown,全臺（中央災害應變中心）,event,中央災害應變中心／經濟部水利署,"{""response_center_activation"":true,""response_center_level"":2}",108 0520豪雨事件；事件陳述；20日07時30分中央災害應變中心二級開設,official-event-report-v1,5e412e14aa20c9ed718804bf55abb06ce65abaa99023a398e6764791c458cf3e
TWD-O00290,TWD-E0059,TWD-S0077,response_action,emergency_response_activation,level_1_opened,2019-07-17T11:30:00+08:00,minute,2019-07-17T11:30:00+08:00,minute,2019-07-17T13:23:00+08:00,minute,,unknown,2019-07-17T13:23:00+08:00,minute,公路總局一級開設應變小組,event,交通部公路總局,"{""response_level"":1}",THB official page s=59738；公告 2019-07-17 13:23；一級開設段落,official-notice-v1,41c64ca7bfb79967870ae4a94aeb6dc239f255b23ade4431e8f86e7dd5c57eef
TWD-O00291,TWD-E0060,TWD-S0078,response_action,road_closure,preventive_closure,2019-08-08T17:08:00+08:00,minute,2019-08-08T17:00:00+08:00,hour,2019-08-08T17:08:00+08:00,minute,,unknown,2019-08-08T17:08:00+08:00,minute,台7線北橫公路20K~60K（羅浮~西村）,road_segment,交通部公路總局,"{""end_km"":60.0,""road_number"":""台7線"",""start_km"":20.0}",THB official page s=59868；公告 2019-08-08 17:08；預警性封閉第1項,official-report-aug8-v1,4114a51570772d7a67ac943c5329dda3d281e176ea3e206a6c9ccd847906fffe
TWD-O00292,TWD-E0061,TWD-S0079,response_action,road_closure,reported_blocked,,unknown,,unknown,2019-08-25T08:57:00+08:00,minute,,unknown,2019-08-25T08:57:00+08:00,minute,台20線150K向陽路段,road_segment,交通部公路總局,"{""kilometer"":150.0,""road_number"":""台20線""}",THB official page s=59980；公告 2019-08-25 08:57；道路災情第3項,official-report-v1,d38d35b56d56a14ce8d9055be60cdabd4ea212ed360898e3d5a57ab50da4ff3f
TWD-O00293,TWD-E0061,TWD-S0079,response_action,road_closure,reported_blocked,,unknown,,unknown,2019-08-25T08:57:00+08:00,minute,,unknown,2019-08-25T08:57:00+08:00,minute,台20線170K、174K、178K利稻路段,road_segment,交通部公路總局,"{""kilometers"":[170.0,174.0,178.0],""road_number"":""台20線""}",THB official page s=59980；公告 2019-08-25 08:57；道路災情第4項,official-report-v1,3f1881d360f1f47598ccf4723c2237db31d563d75152474e5eb2f5de4d2dc701
TWD-O00294,TWD-E0061,TWD-S0079,response_action,road_closure,reported_blocked,,unknown,,unknown,2019-08-25T08:57:00+08:00,minute,,unknown,2019-08-25T08:57:00+08:00,minute,台23線21K東富公路,road_segment,交通部公路總局,"{""kilometer"":21.0,""road_number"":""台23線""}",THB official page s=59980；公告 2019-08-25 08:57；道路災情第5項,official-report-v1,6c25cbc18faf5c8455b4e20aa1f03f36b55bc6cb8e74a45ddfeaf72e079e9d9a
TWD-O00295,TWD-E0061,TWD-S0079,response_action,road_closure,reported_blocked,,unknown,,unknown,2019-08-25T08:57:00+08:00,minute,,unknown,2019-08-25T08:57:00+08:00,minute,台8線109K大禹嶺路段,road_segment,交通部公路總局,"{""kilometer"":109.0,""road_number"":""台8線""}",THB official page s=59980；公告 2019-08-25 08:57；道路災情第1項,official-report-v1,3740f5f839bd78818e9e825b87f75dfa275738a24e5e8ecd372ac10e1610bfc0
TWD-O00296,TWD-E0061,TWD-S0079,response_action,road_closure,reported_blocked,,unknown,,unknown,2019-08-25T08:57:00+08:00,minute,,unknown,2019-08-25T08:57:00+08:00,minute,台8線148K華祿溪路段,road_segment,交通部公路總局,"{""kilometer"":148.0,""road_number"":""台8線""}",THB official page s=59980；公告 2019-08-25 08:57；道路災情第2項,official-report-v1,94c1c945298cc5623348fe421a7fc05812d3420e0c314c7e9c1eceb46ce41154
TWD-O00297,TWD-E0062,TWD-S0080,response_action,road_closure,reported_closed,2019-09-29T21:00:00+08:00,minute,2019-09-29T17:00:00+08:00,hour,2019-09-29T21:37:00+08:00,minute,,unknown,2019-09-29T21:37:00+08:00,minute,台8線116K~153K關原至洛韶路段,road_segment,交通部公路總局,"{""kilometer_end"":153,""kilometer_start"":116,""road_number"":""台8線""}",THB official page s=60151；公告 2019-09-29 21:37；截至21時；道路封閉路段第1項,official-report-1-v1,acbf623436ec3bb52e8b2074250d68aa6948609598b8c3817a54d71e55c31b01
TWD-O00298,TWD-E0062,TWD-S0080,response_action,emergency_response_activation,level_1_opened,2019-09-29T20:30:00+08:00,minute,2019-09-29T20:30:00+08:00,minute,2019-09-29T21:37:00+08:00,minute,,unknown,2019-09-29T21:37:00+08:00,minute,公路總局一級開設應變小組,event,交通部公路總局,"{""response_level"":1}",THB official page s=60151；公告 2019-09-29 21:37；截至21時；應變小組段落,official-report-1-v1,ad057916803808d3aca60741d62128e944ba5f84dc33632fb3c686d469f3af6d
TWD-O00299,TWD-E0063,TWD-S0016,response_action,pump_deployment,deployed,,unknown,,unknown,,unknown,,unknown,,unknown,南投縣、臺南市、高雄市、屏東縣（大型抽水機支援 aggregate）,county,經濟部水利署,"{""aggregate_pump_trips"":27,""named_support_counties"":[""南投縣"",""臺南市"",""高雄市"",""屏東縣""]}",109 0522水災事件陳述；抽水機調度部份；27台次,official-event-report-v1,52a50e26777447f37d190089cab5852048de9cdd1c9390331f81721cf4a9c42a
TWD-O00300,TWD-E0063,TWD-S0081,response_action,road_closure,reported_blocked,2020-05-22T15:00:00+08:00,minute,,unknown,2020-05-22T15:07:00+08:00,minute,,unknown,2020-05-22T15:07:00+08:00,minute,台19甲線65K+700~800（岡山區嘉峰／嘉興路）,road_segment,交通部公路總局第三區養護工程處,"{""standing_water_depth_cm"":20}",THB official page s=61082；公告 109-05-22 15:07；災阻路段台19甲線65K+700~800,official-notice-v1,13c695139b7af49ea123b8fbe22df633f070e5045b9cea36f2f1739ddb0593e4
TWD-O00301,TWD-E0063,TWD-S0081,response_action,road_closure,preventive_closure,2020-05-22T15:00:00+08:00,minute,,unknown,2020-05-22T15:07:00+08:00,minute,,unknown,2020-05-22T15:07:00+08:00,minute,台20臨105線南橫公路0K~25K（梅山口至天池）,road_segment,交通部公路總局第三區養護工程處,{},THB official page s=61082；公告 109-05-22 15:07；預警性封閉路段,official-notice-v1,450c3b0c22e892b5a95fcf26e6385928ba31d35ed7ac3e1458fb3275363d9981
TWD-O00302,TWD-E0063,TWD-S0081,response_action,road_access_restriction,temporary_lane_closure,2020-05-22T15:00:00+08:00,minute,,unknown,2020-05-22T15:07:00+08:00,minute,,unknown,2020-05-22T15:07:00+08:00,minute,台22線7K+200（燕巢樹德科大附近）,road_segment,交通部公路總局第三區養護工程處,"{""closed_lanes"":""eastbound outside lane""}",THB official page s=61082；公告 109-05-22 15:07；道路災情台22線7K+200,official-notice-v1,6b635c03711f1b89dd453a633138f32e36bb9f77743c6595eabfde180b9dc525
TWD-O00303,TWD-E0063,TWD-S0081,response_action,road_access_restriction,single_lane_two_way,2020-05-22T15:00:00+08:00,minute,,unknown,2020-05-22T15:07:00+08:00,minute,,unknown,2020-05-22T15:07:00+08:00,minute,台29線臨11便道9.9K,road_segment,交通部公路總局第三區養護工程處,"{""heavy_vehicle_limit_tons"":3.5}",THB official page s=61082；公告 109-05-22 15:07；道路災情台29線臨11便道9.9K,official-notice-v1,90ec4cd40145397e246724bc3edae64431c3ea912a7faa658f83c7ed8267146a
TWD-O00304,TWD-E0063,TWD-S0016,response_action,field_deployment,activated,2020-05-22T16:00:00+08:00,hour,2020-05-22T16:00:00+08:00,hour,,unknown,,unknown,,unknown,全臺（中央災害應變中心）,event,中央災害應變中心／經濟部水利署,"{""response_center_activation"":true,""response_center_level"":2}",109 0522水災事件陳述；中央二級應變開設段落；5/22 16:00,official-event-report-v1,bc3fdc8bf7e5a5055be96ac1e28c080bf3e374cb4d0414a970271eb162b1e2cd
TWD-O00305,TWD-E0064,TWD-S0058,response_action,road_access_restriction,one_way_outbound_only,2022-10-16T18:00:00+08:00,minute,2022-10-16T17:00:00+08:00,hour,2022-10-16T18:27:00+08:00,minute,,unknown,2022-10-16T18:27:00+08:00,minute,台8線關原至天祥路段 114K+600~167K+100,road_segment,交通部公路總局,"{""kilometer_end"":167.1,""kilometer_start"":114.6,""road_number"":""台8線""}",THB official page s=195745；第3報；公告 2022-10-16 18:27；截至18時；預警性封閉路段第1項,official-report-3-v1,b1d1c9e4da9e9a16031ac827c8c15cd143bdbe0f072a7650eb4e2300d1758cce
TWD-O00306,TWD-E0064,TWD-S0058,response_action,road_closure,reported_closed,2022-10-16T18:00:00+08:00,minute,,unknown,2022-10-16T18:27:00+08:00,minute,,unknown,2022-10-16T18:27:00+08:00,minute,台20臨105線天池至向陽路段 25K~44K,road_segment,交通部公路總局,"{""kilometer_end"":44,""kilometer_start"":25,""road_number"":""台20臨105線""}",THB official page s=195745；第3報；公告 2022-10-16 18:27；截至18時；預警性封閉路段第2項,official-report-3-v1,3cf1b0e4bb4b0840a08a145f54596786b594e29cb8e9a1fc2238eabefa3879f4
TWD-O00307,TWD-E0064,TWD-S0058,response_action,road_closure,reported_blocked,2022-10-16T18:00:00+08:00,minute,,unknown,2022-10-16T18:27:00+08:00,minute,,unknown,2022-10-16T18:27:00+08:00,minute,台7線大曼路段 47K~50K,road_segment,交通部公路總局,"{""kilometer_end"":50,""kilometer_start"":47,""road_number"":""台7線""}",THB official page s=195745；第3報；公告 2022-10-16 18:27；截至18時；災阻路段第1項,official-report-3-v1,ee1072b495638ce52986e8418859357bb7a27dbb4870e5e040f4f188fc5c04fc
TWD-O00308,TWD-E0064,TWD-S0058,response_action,road_closure,reported_blocked,2022-10-16T18:00:00+08:00,minute,,unknown,2022-10-16T18:27:00+08:00,minute,,unknown,2022-10-16T18:27:00+08:00,minute,台7線英士路段 86K+500~87K+300,road_segment,交通部公路總局,"{""kilometer_end"":87.3,""kilometer_start"":86.5,""road_number"":""台7線""}",THB official page s=195745；第3報；公告 2022-10-16 18:27；截至18時；災阻路段第2項,official-report-3-v1,a54bd066f56dcfd02fcd6d19d04046968f27af21680251882bcb9ace73bafa5d
TWD-O00309,TWD-E0064,TWD-S0058,response_action,road_closure,reported_closed,2022-10-16T18:00:00+08:00,minute,2022-10-16T18:30:00+08:00,minute,2022-10-16T18:27:00+08:00,minute,,unknown,2022-10-16T18:27:00+08:00,minute,台8線關原至天祥路段 114K+600~167K+100,road_segment,交通部公路總局,"{""kilometer_end"":167.1,""kilometer_start"":114.6,""road_number"":""台8線""}",THB official page s=195745；第3報；公告 2022-10-16 18:27；截至18時；預警性封閉路段第1項,official-report-3-v1,cf91403b1dd84bbc5ddd47c0313a0eca6d9c528bd6249ab14dc4dd43c7facd9f
TWD-O00310,TWD-E0065,TWD-S0019,response_action,field_deployment,activated,2022-10-29T06:00:00+08:00,hour,2022-10-29T06:00:00+08:00,hour,,unknown,,unknown,,unknown,全臺（水利署災害緊急應變小組）,event,經濟部水利署,"{""response_center_activation"":true,""response_center_level"":3}",111年1029豪雨工作執行報告 p.1/p.11；災害緊急應變小組開設情形；10/29 06:00三級開設,official-response-report-v1,4b21ae76e117c0c7da3e041ff810958f1ef52c6cc89594dd47b1200866c77e42
TWD-O00311,TWD-E0066,TWD-S0059,response_action,road_closure,reported_closed,2023-07-28T07:30:00+08:00,minute,,unknown,2023-07-28T08:01:00+08:00,minute,,unknown,2023-07-28T08:01:00+08:00,minute,台20線105K至171K+500（梅山口至初來）,road_segment,交通部公路局,"{""end_km"":171.5,""planned_reopen_at"":""2023-07-28T17:00:00+08:00"",""road_number"":""台20線"",""start_km"":105.0}",THB official page s=224008；第8報；預警性封閉第1項,official-report-8-v1,03a1253f530982685c5eb03873e147752c3ed71ee731e2e876def12dcf893569
TWD-O00312,TWD-E0066,TWD-S0059,response_action,road_closure,reported_blocked,2023-07-28T07:30:00+08:00,minute,,unknown,2023-07-28T08:01:00+08:00,minute,,unknown,2023-07-28T08:01:00+08:00,minute,台20線171K+500至180K+675（利稻至霧鹿）,road_segment,交通部公路局,"{""end_km"":180.675,""planned_reopen_at"":""2023-07-28T14:00:00+08:00"",""road_number"":""台20線"",""start_km"":171.5}",THB official page s=224008；第8報；道路災阻第1項,official-report-8-v1,7afea7af27bc725270503166dbee82effae93621432983dd520d38af56212c84
TWD-O00313,TWD-E0066,TWD-S0059,response_action,road_closure,reported_closed,2023-07-28T07:30:00+08:00,minute,,unknown,2023-07-28T08:01:00+08:00,minute,,unknown,2023-07-28T08:01:00+08:00,minute,台20線93K至98K+700（勤和至復興）,road_segment,交通部公路局,"{""end_km"":98.7,""planned_reopen_at"":""2023-07-28T12:00:00+08:00"",""road_number"":""台20線"",""start_km"":93.0}",THB official page s=224008；第8報；預警性封閉第3項,official-report-8-v1,57442780d1e9db7747ed6ab137ac15259a86c081f32b74af2c8c02b79a215362
TWD-O00314,TWD-E0066,TWD-S0059,response_action,road_closure,reported_closed,2023-07-28T07:30:00+08:00,minute,,unknown,2023-07-28T08:01:00+08:00,minute,,unknown,2023-07-28T08:01:00+08:00,minute,台23線7K至25K（豐南路段至北源路段）,road_segment,交通部公路局,"{""end_km"":25.0,""planned_reopen_before"":""2023-07-28T12:00:00+08:00"",""road_number"":""台23線"",""start_km"":7.0}",THB official page s=224008；第8報；預警性封閉第2項,official-report-8-v1,e440f1c3a11fd43ff0c27898e298eba9ddf439b8854c32c996b6ac02d0a0b7a2
TWD-O00315,TWD-E0066,TWD-S0059,response_action,road_closure,reported_closed,2023-07-28T07:30:00+08:00,minute,,unknown,2023-07-28T08:01:00+08:00,minute,,unknown,2023-07-28T08:01:00+08:00,minute,台24線27K+400至38K（德文路口至神山）,road_segment,交通部公路局,"{""end_km"":38.0,""planned_reopen_at"":""2023-07-28T12:00:00+08:00"",""road_number"":""台24線"",""start_km"":27.4}",THB official page s=224008；第8報；預警性封閉第5項,official-report-8-v1,f49b5573231dcbb32a9f7eacba9d86b4ba108ea00ee54253e52594ebbaac332b
TWD-O00316,TWD-E0066,TWD-S0059,response_action,road_closure,reported_closed,2023-07-28T07:30:00+08:00,minute,,unknown,2023-07-28T08:01:00+08:00,minute,,unknown,2023-07-28T08:01:00+08:00,minute,台29線11K至23K（那瑪夏至五里埔臨時便道）,road_segment,交通部公路局,"{""end_km"":23.0,""planned_reopen_at"":""2023-07-28T12:00:00+08:00"",""road_number"":""台29線／臨時便道"",""start_km"":11.0}",THB official page s=224008；第8報；預警性封閉第4項,official-report-8-v1,747e2e55ff5aa748bdfbf4e80ce771d9344558247a993e074a784be3eec7a997
TWD-O00317,TWD-E0066,TWD-S0059,response_action,road_closure,reported_closed,2023-07-28T07:30:00+08:00,minute,,unknown,2023-07-28T08:01:00+08:00,minute,,unknown,2023-07-28T08:01:00+08:00,minute,台8線114K+600至120K+500（合歡派出所前至金馬隧道東口）,road_segment,交通部公路局,"{""end_km"":120.5,""road_number"":""台8線"",""start_km"":114.6}",THB official page s=224008；第8報；預警性封閉第6項,official-report-8-v1,d5f8a7d5c32a597810d1fb7590968c6d4e25304466b9f7e6f34a1d383ea0d3b2
TWD-O00318,TWD-E0066,TWD-S0059,response_action,road_closure,reported_closed,2023-07-28T07:30:00+08:00,minute,,unknown,2023-07-28T08:01:00+08:00,minute,,unknown,2023-07-28T08:01:00+08:00,minute,台8線120K+500至184K+500（金馬隧道至太魯閣口）,road_segment,交通部公路局,"{""end_km"":184.5,""planned_reopen_at"":""2023-07-28T11:00:00+08:00"",""reported_landslide_km"":179.5,""road_number"":""台8線"",""start_km"":120.5}",THB official page s=224008；第8報；道路災阻第2項,official-report-8-v1,01825b2eb374ea9113853aa560a2e76ca35628fe51db3bb87ce1fcd380126347
TWD-O00319,TWD-E0066,TWD-S0059,response_action,road_access_restriction,restricted,2023-07-28T07:30:00+08:00,minute,,unknown,2023-07-28T08:01:00+08:00,minute,,unknown,2023-07-28T08:01:00+08:00,minute,台9線398K+600至400K+050（多良路段）,road_segment,交通部公路局,"{""end_km"":400.05,""planned_restore_normal_at"":""2023-07-28T15:00:00+08:00"",""road_number"":""台9線"",""start_km"":398.6,""traffic_control"":""northbound lane allocated for two-way traffic""}",THB official page s=224008；第8報；道路災情第1項,official-report-8-v1,5157b5310ef6c5e95810f10462edd9865f868e2cde8db4e764f47717b1bb83d7
TWD-O00320,TWD-E0067,TWD-S0024,response_action,field_deployment,mobilized,2023-08-04,day,,unknown,,unknown,,unknown,,unknown,南投縣仁愛鄉台14線、台14甲線救災區域,county,交通部公路局中區養護工程分局,"{""maintenance_offices_mobilized"":4}","Highway Bureau, MOTC Annual Report 2023, printed page 32, 卡努颱風風雨共伴，台14線救災搶險",official-pdf-v1,deb08c772e84b64776e3f5b19deae34498d6fa078a7e744cc432c20b96839889
TWD-O00321,TWD-E0067,TWD-S0024,response_action,rescue,occurred,2023-08-04,day,,unknown,,unknown,,unknown,,unknown,南投縣仁愛鄉清境、霧社、廬山聯外道路受困區域,county,交通部公路局中區養護工程分局,"{""people_rescued_or_evacuated"":60}","Highway Bureau, MOTC Annual Report 2023, printed page 32, 卡努颱風風雨共伴，台14線救災搶險",official-pdf-v1,019b6a77ac40a19ed5452805b671c99d735cddb58fa1638f4cd09e1e22efd674
TWD-O00322,TWD-E0067,TWD-S0024,response_action,road_closure,reported_blocked,2023-08-04,day,,unknown,,unknown,,unknown,,unknown,台14線、台14甲線，南投縣仁愛鄉清境、霧社、廬山聯外道路,county,交通部公路局,"{""road_disruption_locations"":19}","Highway Bureau, MOTC Annual Report 2023, printed page 32, 卡努颱風風雨共伴，台14線救災搶險",official-pdf-v1,5ac45ee43e3a8f7499687409d1a08471855da0f5a71f48facf48917393cbf4ab
TWD-O00323,TWD-E0067,TWD-S0024,response_action,road_repair,reported_repaired,2023-08-06,day,,unknown,,unknown,,unknown,,unknown,台14線搶通至霧社路段，南投縣仁愛鄉,county,交通部公路局中區養護工程分局,"{""lanes_reopened"":1,""traffic_directionality"":""single-lane two-way""}","Highway Bureau, MOTC Annual Report 2023, printed page 32, 卡努颱風風雨共伴，台14線救災搶險",official-pdf-v1,49381123a0deb96b79f37755bec3889e9b1fecca7955e926ade577dbe3222a2f
TWD-O00324,TWD-E0068,TWD-S0052,response_action,emergency_response_activation,level_2_opened,2023-08-28T23:30:00+08:00,minute,2023-08-28T23:30:00+08:00,minute,2023-08-28T23:28:00+08:00,minute,,unknown,2023-08-28T23:28:00+08:00,minute,公路總局應變中心，國家層級彙總,event,交通部公路局,"{""response_level"":2}",THB official page s=226269；公告日期 112-08-28 23:28；蘇拉颱風注意報段落。,official-notice-v1,7b5ea94db04030b8d2670d96442d4ce11f0cf0a392905258b95e012b19f441bc
TWD-O00325,TWD-E0069,TWD-S0053,response_action,road_closure,reported_closed,2023-09-03T22:00:00+08:00,minute,2023-09-02T14:00:00+08:00,hour,2023-09-03T22:19:00+08:00,minute,,unknown,2023-09-03T22:19:00+08:00,minute,台7線47K+400至85K+500（巴陵至百韜橋）,road_segment,交通部公路總局,"{""end_km"":85.5,""planned_reopen_at"":""2023-09-04T08:00:00+08:00"",""road_number"":""台7線"",""start_km"":47.4}",THB official page s=227396；第7報；預警性封閉路段第1項,official-report-7-v1,beb68e03efaae37ac047bdeadaf109ac8682125b06e9b1b9f93927539089a599
TWD-O00326,TWD-E0069,TWD-S0053,response_action,road_closure,reported_closed,2023-09-03T22:00:00+08:00,minute,2023-09-03T08:00:00+08:00,hour,2023-09-03T22:19:00+08:00,minute,,unknown,2023-09-03T22:19:00+08:00,minute,台20線149K至198K（向陽至初來）,road_segment,交通部公路總局,"{""end_km"":198.0,""planned_reopen_at"":""2023-09-04T12:00:00+08:00"",""road_number"":""台20線"",""start_km"":149.0}",THB official page s=227396；第7報；預警性封閉路段第8項,official-report-7-v1,373d2486aa9bf494a00269edb0f72dc89737d5b3c85e4b6a206dfe8ab9b6deb4
TWD-O00327,TWD-E0069,TWD-S0053,response_action,road_closure,reported_closed,2023-09-03T22:00:00+08:00,minute,2023-09-03T12:00:00+08:00,hour,2023-09-03T22:19:00+08:00,minute,,unknown,2023-09-03T22:19:00+08:00,minute,台23線7K至25K（豐南至北源）,road_segment,交通部公路總局,"{""end_km"":25.0,""road_number"":""台23線"",""start_km"":7.0}",THB official page s=227396；第7報；預警性封閉路段第9項,official-report-7-v1,5c7e0efa0eba9e02d9fa8a455689328165de963e2665b28c45e99b63c09ee05a
TWD-O00328,TWD-E0069,TWD-S0053,response_action,road_closure,reported_closed,2023-09-03T22:00:00+08:00,minute,2023-09-03T12:00:00+08:00,hour,2023-09-03T22:19:00+08:00,minute,,unknown,2023-09-03T22:19:00+08:00,minute,台7甲線0K至50K（百韜橋至勝光）,road_segment,交通部公路總局,"{""end_km"":50.0,""planned_reopen_at"":""2023-09-04T12:00:00+08:00"",""road_number"":""台7甲線"",""start_km"":0.0}",THB official page s=227396；第7報；預警性封閉路段第2項,official-report-7-v1,be7a1153846df40ed01185b4b2d8a8cd053db9536a7069456ca8e630f5ede119
TWD-O00329,TWD-E0069,TWD-S0053,response_action,road_closure,reported_closed,2023-09-03T22:00:00+08:00,minute,2023-09-03T12:00:00+08:00,hour,2023-09-03T22:19:00+08:00,minute,,unknown,2023-09-03T22:19:00+08:00,minute,台9線397K+250至398K+600（金崙大橋）,road_segment,交通部公路總局,"{""end_km"":398.6,""road_number"":""台9線"",""start_km"":397.25}",THB official page s=227396；第7報；預警性封閉路段第4項,official-report-7-v1,ea537bc05205e88a8470d61846d3445a234dc89d5021f52cf836f4250142a5ef
TWD-O00330,TWD-E0069,TWD-S0053,response_action,road_closure,reported_closed,2023-09-03T22:00:00+08:00,minute,2023-09-03T13:00:00+08:00,hour,2023-09-03T22:19:00+08:00,minute,,unknown,2023-09-03T22:19:00+08:00,minute,台8線114K+600至184K+500（關原至太魯閣口）,road_segment,交通部公路總局,"{""end_km"":184.5,""road_number"":""台8線"",""start_km"":114.6}",THB official page s=227396；第7報；預警性封閉路段第3項,official-report-7-v1,a5f35f854c408b33940ba20273148710d2f8f8334f6ae595ab7c2d50b2802601
TWD-O00331,TWD-E0069,TWD-S0053,response_action,road_closure,reported_closed,2023-09-03T22:00:00+08:00,minute,2023-09-03T14:00:00+08:00,hour,2023-09-03T22:19:00+08:00,minute,,unknown,2023-09-03T22:19:00+08:00,minute,台11甲線4K至16K（光復至豐濱）,road_segment,交通部公路總局,"{""end_km"":16.0,""planned_reopen_at"":""2023-09-04T12:00:00+08:00"",""road_number"":""台11甲線"",""start_km"":4.0}",THB official page s=227396；第7報；預警性封閉路段第6項,official-report-7-v1,d50c0528c8eb3ebc21fcc6840e194006c79078fd9fa56ee397fee442c32ef2cc
TWD-O00332,TWD-E0069,TWD-S0053,response_action,road_closure,reported_closed,2023-09-03T22:00:00+08:00,minute,2023-09-03T14:00:00+08:00,hour,2023-09-03T22:19:00+08:00,minute,,unknown,2023-09-03T22:19:00+08:00,minute,台24線27K+400至37K+300（德文路口至神山）,road_segment,交通部公路總局,"{""end_km"":37.3,""planned_reopen_at"":""2023-09-05T07:00:00+08:00"",""road_number"":""台24線"",""start_km"":27.4}",THB official page s=227396；第7報；預警性封閉路段第10項,official-report-7-v1,9c95960267e7cd7d83cccbc52f90667125f68a6ab940ea0d2baa7cc5a990e900
TWD-O00333,TWD-E0069,TWD-S0053,response_action,road_closure,reported_closed,2023-09-03T22:00:00+08:00,minute,2023-09-03T18:00:00+08:00,hour,2023-09-03T22:19:00+08:00,minute,,unknown,2023-09-03T22:19:00+08:00,minute,台20線93K至98K+700（勤和至復興）,road_segment,交通部公路總局,"{""end_km"":98.7,""planned_reopen_at"":""2023-09-06T07:00:00+08:00"",""road_number"":""台20線"",""start_km"":93.0}",THB official page s=227396；第7報；預警性封閉路段第7項,official-report-7-v1,e08c8ea8eee0f18d46b75c6dff9ad350c095dbef41278c045eb14356e782fe4e
TWD-O00334,TWD-E0069,TWD-S0053,response_action,road_closure,reported_closed,2023-09-03T22:00:00+08:00,minute,2023-09-03T18:00:00+08:00,hour,2023-09-03T22:19:00+08:00,minute,,unknown,2023-09-03T22:19:00+08:00,minute,台29線11K至23K（那瑪夏至五里埔）,road_segment,交通部公路總局,"{""end_km"":23.0,""planned_reopen_at"":""2023-09-06T07:00:00+08:00"",""road_number"":""台29線"",""start_km"":11.0}",THB official page s=227396；第7報；預警性封閉路段第11項,official-report-7-v1,9d1e503c7502d5fab6fd49ed03f05e3a02dbeb6b55cbcbdbd981f9af0af2de86
TWD-O00335,TWD-E0069,TWD-S0053,response_action,road_closure,reported_closed,2023-09-03T22:00:00+08:00,minute,2023-09-03T19:00:00+08:00,hour,2023-09-03T22:19:00+08:00,minute,,unknown,2023-09-03T22:19:00+08:00,minute,台9丁線33K至48.9K、60.2K至63.7K、65.3K至69K,road_segment,交通部公路總局,"{""road_number"":""台9丁線"",""segments"":[{""end_km"":48.9,""start_km"":33.0},{""end_km"":63.7,""start_km"":60.2},{""end_km"":69.0,""start_km"":65.3}]}",THB official page s=227396；第7報；預警性封閉路段第5項,official-report-7-v1,2832eeacc3b5a98831714ddb0aac09bf622d31636ff83aee1eb5fdd2337a8f9e
TWD-O00336,TWD-E0070,TWD-S0054,response_action,road_closure,reported_closed,2023-10-04T22:00:00+08:00,minute,2023-10-04T13:00:00+08:00,hour,2023-10-04T22:11:00+08:00,minute,,unknown,2023-10-04T22:11:00+08:00,minute,台9線397K+250至398K+600（金崙大橋）,road_segment,交通部公路局,"{""end_km"":398.6,""road_number"":""台9線"",""start_km"":397.25}",THB official page s=230180；第2報；預警性封閉路段第2項。,official-report-2-v1,bceb70898e9235350366842c94054bba70e96a7f47ac1f66e89cee55a1104447
TWD-O00337,TWD-E0070,TWD-S0054,response_action,road_closure,reported_closed,2023-10-04T22:00:00+08:00,minute,2023-10-04T16:00:00+08:00,hour,2023-10-04T22:11:00+08:00,minute,,unknown,2023-10-04T22:11:00+08:00,minute,台20線149K至198K+500（向陽至初來）,road_segment,交通部公路局,"{""end_km"":198.5,""road_number"":""台20線"",""start_km"":149.0}",THB official page s=230180；第2報；預警性封閉路段第5項。,official-report-2-v1,ff7d889abb683e96eb442740e23b55411a37a2829b754d005ba6dca1f3062b21
TWD-O00338,TWD-E0070,TWD-S0054,response_action,road_closure,reported_closed,2023-10-04T22:00:00+08:00,minute,2023-10-04T22:00:00+08:00,hour,2023-10-04T22:11:00+08:00,minute,,unknown,2023-10-04T22:11:00+08:00,minute,台11甲線4K至16K（光豐公路）,road_segment,交通部公路局,"{""end_km"":16.0,""road_number"":""台11甲線"",""start_km"":4.0}",THB official page s=230180；第2報；預警性封閉路段第3項。,official-report-2-v1,78212d3253444a0090c72ead56fc9fb232a7d8ed77d19d9627212ba622999659
TWD-O00339,TWD-E0070,TWD-S0054,response_action,road_closure,reported_closed,2023-10-04T22:00:00+08:00,minute,2023-10-04T22:00:00+08:00,hour,2023-10-04T22:11:00+08:00,minute,,unknown,2023-10-04T22:11:00+08:00,minute,台20線93K至98K+700（勤和至復興）,road_segment,交通部公路局,"{""end_km"":98.7,""road_number"":""台20線"",""start_km"":93.0}",THB official page s=230180；第2報；預警性封閉路段第4項。,official-report-2-v1,f860d24d1025505621b779cd6cb625f7f48fe0258cb5a4db8b5019598e783929
TWD-O00340,TWD-E0070,TWD-S0054,response_action,road_closure,reported_closed,2023-10-04T22:00:00+08:00,minute,2023-10-04T22:00:00+08:00,hour,2023-10-04T22:11:00+08:00,minute,,unknown,2023-10-04T22:11:00+08:00,minute,台23線7K至25K+750（豐南村至北源）,road_segment,交通部公路局,"{""end_km"":25.75,""road_number"":""台23線"",""start_km"":7.0}",THB official page s=230180；第2報；預警性封閉路段第6項。,official-report-2-v1,e286d1083a20791e20f0e7036ab7f75bbec9d97ced7bb610d718a6ca67190a83
TWD-O00341,TWD-E0070,TWD-S0054,response_action,road_closure,reported_closed,2023-10-04T22:00:00+08:00,minute,2023-10-04T22:00:00+08:00,hour,2023-10-04T22:11:00+08:00,minute,,unknown,2023-10-04T22:11:00+08:00,minute,台24線27K+400至37K+300（德文路口至神山）,road_segment,交通部公路局,"{""end_km"":37.3,""road_number"":""台24線"",""start_km"":27.4}",THB official page s=230180；第2報；預警性封閉路段第7項。,official-report-2-v1,4c7a9c8b5b8839b4cd188ec471246737863d607a75b8d9d583ce0f758bfd2e11
TWD-O00342,TWD-E0070,TWD-S0054,response_action,road_closure,reported_closed,2023-10-04T22:00:00+08:00,minute,2023-10-04T22:00:00+08:00,hour,2023-10-04T22:11:00+08:00,minute,,unknown,2023-10-04T22:11:00+08:00,minute,台29線臨11便道0K至12K（那瑪夏至五里埔）,road_segment,交通部公路局,"{""end_km"":12.0,""road_number"":""台29線臨11便道"",""start_km"":0.0}",THB official page s=230180；第2報；預警性封閉路段第8項。,official-report-2-v1,6c11534b0be7b2f820662357c9bc9e24e644d4883f4962098095b37914e56bf6
TWD-O00343,TWD-E0070,TWD-S0054,response_action,road_closure,reported_closed,2023-10-04T22:00:00+08:00,minute,2023-10-04T22:00:00+08:00,hour,2023-10-04T22:11:00+08:00,minute,,unknown,2023-10-04T22:11:00+08:00,minute,台8線114K+600至184K+500（關原至太魯閣口）,road_segment,交通部公路局,"{""end_km"":184.5,""road_number"":""台8線"",""start_km"":114.6}",THB official page s=230180；第2報；預警性封閉路段第1項。,official-report-2-v1,be909e90ad729ad10769f50a5b5a96dd691478a6fa94eda61b277944827374a1
TWD-O00344,TWD-E0071,TWD-S0049,response_action,road_access_restriction,ordered,2024-07-24T15:58:00+08:00,minute,2024-07-24T17:00:00+08:00,minute,2024-07-24T15:58:00+08:00,minute,2024-07-24T15:58:00+08:00,minute,2024-07-24T15:58:00+08:00,minute,台11甲線4K至16K，光復至豐濱路段,road_segment,交通部公路局,"{""command_stage"":1}",公路局公告113-07-24 15:58；預警性封閉路段第10項,official-notice-v1,9f022e5524fd27cff94e9eb64950b3f2b82562ffc4d6f7ac5a9be7fe31ccf469
TWD-O00345,TWD-E0071,TWD-S0049,response_action,road_closure,ordered,2024-07-24T15:58:00+08:00,minute,2024-07-24T17:30:00+08:00,minute,2024-07-24T15:58:00+08:00,minute,2024-07-24T15:58:00+08:00,minute,2024-07-24T15:58:00+08:00,minute,台16臨29線0K至11K+800，地利至合流坪路段,road_segment,交通部公路局,"{""command_stage"":1}",公路局公告113-07-24 15:58；預警性封閉路段第11項,official-notice-v1,90326226a5fe91bef1660c4d8ceff429e22391c82389cb761b1c33eaac421bd7
TWD-O00346,TWD-E0071,TWD-S0049,response_action,road_closure,ordered,2024-07-24T15:58:00+08:00,minute,2024-07-24T17:30:00+08:00,minute,2024-07-24T15:58:00+08:00,minute,2024-07-24T15:58:00+08:00,minute,2024-07-24T15:58:00+08:00,minute,台18線96K至108K，自忠至塔塔加路段,road_segment,交通部公路局,"{""command_stage"":1}",公路局公告113-07-24 15:58；預警性封閉路段第14項,official-notice-v1,234d527901452dfe673630fe7dc88f10466084dc2a0ac78e4f9961ac362853f7
TWD-O00347,TWD-E0071,TWD-S0049,response_action,road_closure,ordered,2024-07-24T15:58:00+08:00,minute,2024-07-24T17:30:00+08:00,minute,2024-07-24T15:58:00+08:00,minute,2024-07-24T15:58:00+08:00,minute,2024-07-24T15:58:00+08:00,minute,台21線110K+500至144K+385，草坪頭至塔塔加路段,road_segment,交通部公路局,"{""command_stage"":1}",公路局公告113-07-24 15:58；預警性封閉路段第16項,official-notice-v1,4f468d8d444b87d799576d2ca79aa3e6c11028c61bab199508b270a7e2ecd5ab
TWD-O00348,TWD-E0071,TWD-S0049,response_action,road_closure,ordered,2024-07-24T15:58:00+08:00,minute,2024-07-24T18:00:00+08:00,minute,2024-07-24T15:58:00+08:00,minute,2024-07-24T15:58:00+08:00,minute,2024-07-24T15:58:00+08:00,minute,台11甲線4K至16K，光復至豐濱路段,road_segment,交通部公路局,"{""command_stage"":2}",公路局公告113-07-24 15:58；預警性封閉路段第10項,official-notice-v1,01e5ed206e07c78b74be10fe474fa7bd1c1989a2d17b1d120f182868ac68f2d6
TWD-O00349,TWD-E0071,TWD-S0049,response_action,road_closure,ordered,2024-07-24T15:58:00+08:00,minute,2024-07-24T18:00:00+08:00,minute,2024-07-24T15:58:00+08:00,minute,2024-07-24T15:58:00+08:00,minute,2024-07-24T15:58:00+08:00,minute,台18線68K+500至88K，福山至阿里山路段,road_segment,交通部公路局,"{""command_stage"":1}",公路局公告113-07-24 15:58；預警性封閉路段第13項,official-notice-v1,9286c31d649f4ade5e0e79cce588ea8f0bbc4ffa80bce1cba7792636824c3fed
TWD-O00350,TWD-E0071,TWD-S0049,response_action,road_closure,ordered,2024-07-24T15:58:00+08:00,minute,2024-07-24T18:00:00+08:00,minute,2024-07-24T15:58:00+08:00,minute,2024-07-24T15:58:00+08:00,minute,2024-07-24T15:58:00+08:00,minute,台7線22K+800至47K，巴陵至牛鬥橋路段,road_segment,交通部公路局,"{""command_stage"":1}",公路局公告113-07-24 15:58；預警性封閉路段第2項,official-notice-v1,da7cd68c57ce2b9a7e3adfdaa71de1de3f6f6b1944a01c626e786f264fc1ee5e
TWD-O00351,TWD-E0071,TWD-S0049,response_action,road_closure,ordered,2024-07-24T15:58:00+08:00,minute,2024-07-24T19:00:00+08:00,minute,2024-07-24T15:58:00+08:00,minute,2024-07-24T15:58:00+08:00,minute,2024-07-24T15:58:00+08:00,minute,台2線70K，潮境公園,road_segment,交通部公路局,"{""command_stage"":1}",公路局公告113-07-24 15:58；預警性封閉路段第1項,official-notice-v1,69dfdfae7d5a48171fbfa9f5d56e0ce447d7dc5a6a2dfe778b4f7bdb1eaa9a9b
TWD-O00352,TWD-E0071,TWD-S0049,response_action,road_closure,ordered,2024-07-24T15:58:00+08:00,minute,2024-07-24T20:00:00+08:00,minute,2024-07-24T15:58:00+08:00,minute,2024-07-24T15:58:00+08:00,minute,2024-07-24T15:58:00+08:00,minute,台18線34K至68K+500，觸口至福山路段,road_segment,交通部公路局,"{""command_stage"":1}",公路局公告113-07-24 15:58；預警性封閉路段第12項,official-notice-v1,9bfefee73029803cd3caf6a8cb7d93e691e9ea951870c3b54823c74020d374f7
TWD-O00353,TWD-E0072,TWD-S0060,response_action,road_closure,reported_closed,2024-10-04T10:30:00+08:00,minute,,unknown,2024-10-04T11:35:00+08:00,minute,,unknown,2024-10-04T11:35:00+08:00,minute,台17線258K+200至261K+500（大潭路段）,road_segment,交通部公路局,"{""end_km"":261.5,""planned_resolution_at"":""2024-10-05T17:00:00+08:00"",""road_number"":""台17線"",""start_km"":258.2}",THB official page s=256945；道路災阻路段第2項,official-report-1100-v1,bbf096f539dbebb4fc03f107e47680a9d6eb734fde89229a0444989c43a4b211
TWD-O00354,TWD-E0072,TWD-S0060,response_action,road_access_restriction,lane_restricted,2024-10-04T10:30:00+08:00,minute,,unknown,2024-10-04T11:35:00+08:00,minute,,unknown,2024-10-04T11:35:00+08:00,minute,台17線北上262K+300至261K+700（林邊交流道路段）,road_segment,交通部公路局,"{""available_bidirectional_lanes"":3,""controlled_direction"":""northbound_outer_lane"",""end_km"":262.3,""planned_resolution_at"":""2024-10-04T12:00:00+08:00"",""road_number"":""台17線"",""start_km"":261.7}",THB official page s=256945；道路災情路段第4項,official-report-1100-v1,b9a49cb7cce401898adc79053a1c284d00a7fed0d94b9edaf32142a9defe4844
TWD-O00355,TWD-E0072,TWD-S0060,response_action,road_closure,reported_blocked,2024-10-04T10:30:00+08:00,minute,,unknown,2024-10-04T11:35:00+08:00,minute,,unknown,2024-10-04T11:35:00+08:00,minute,台20線149K至199K（向陽至初來路段；178K、185K）,road_segment,交通部公路局,"{""blocked_points_km"":[178.0,185.0],""end_km"":199.0,""planned_resolution_at"":""2024-10-04T15:00:00+08:00"",""road_number"":""台20線"",""start_km"":149.0}",THB official page s=256945；道路災阻路段第4項,official-report-1100-v1,b1062b21b0ecd77074b3eec689dbd4308ff99e0de0abf66db1ed87b4e4115748
TWD-O00356,TWD-E0072,TWD-S0060,response_action,road_closure,reported_closed,2024-10-04T10:30:00+08:00,minute,,unknown,2024-10-04T11:35:00+08:00,minute,,unknown,2024-10-04T11:35:00+08:00,minute,台20線93K至98K+700（勤和至復興）,road_segment,交通部公路局,"{""end_km"":98.7,""planned_pedestrian_reopen_at"":""2024-10-05T12:00:00+08:00"",""planned_vehicle_reopen_at"":""2024-10-07T12:00:00+08:00"",""road_number"":""台20線"",""start_km"":93.0}",THB official page s=256945；道路災阻路段第3項,official-report-1100-v1,017410f5f1f98c03c4b926960003d972ccb6bc5665d546fe01d9d909859d0791
TWD-O00357,TWD-E0072,TWD-S0060,response_action,road_access_restriction,lane_reassigned,2024-10-04T10:30:00+08:00,minute,,unknown,2024-10-04T11:35:00+08:00,minute,,unknown,2024-10-04T11:35:00+08:00,minute,台29線74K至80K（旗南三路至統嶺路）,road_segment,交通部公路局,"{""affected_direction"":""southbound"",""end_km"":80.0,""planned_resolution_at"":""2024-10-04T14:00:00+08:00"",""reassigned_lane"":""northbound_inner_lane"",""road_number"":""台29線"",""start_km"":74.0}",THB official page s=256945；道路災情路段第7項,official-report-1100-v1,0f8cafcd455139810a2e4126bae2495039f689a9fb93e3e12fabf967456557ee
TWD-O00358,TWD-E0073,TWD-S0014,response_action,flood_warning_issuance,issued,,unknown,,unknown,,unknown,,unknown,,unknown,基隆市等8縣市，國家層級彙總,event,經濟部水利署,"{""affected_city_or_county_count"":8,""flood_warning_notices"":39}",《康芮颱風災害緊急應變小組工作執行報告》印刷頁19，二、通報單發布情形,official-pdf-v1,f540c25a6220c6b03411e15722f3f78529150f01b1536b19fcb352c90a1df3d3
TWD-O00359,TWD-E0073,TWD-S0014,response_action,pump_deployment,supported,,unknown,,unknown,,unknown,,unknown,,unknown,全國支援彙總；雲林縣4台次,event,經濟部水利署災害緊急應變小組,"{""pump_support_unit_times"":52,""yunlin_pump_support_unit_times"":4}",《康芮颱風災害緊急應變小組工作執行報告》印刷頁19，三、抽水機調度／表9,official-pdf-v1,5722f2b478d8f4be2d54f460e306183d45064dafe30a0137bd525612b053d609
TWD-O00360,TWD-E0073,TWD-S0014,response_action,water_level_warning_issuance,issued,,unknown,,unknown,,unknown,,unknown,,unknown,淡水河等9流域，國家層級彙總,event,經濟部水利署,"{""affected_basin_count"":9,""water_level_warning_notices"":27}",《康芮颱風災害緊急應變小組工作執行報告》印刷頁19，二、通報單發布情形,official-pdf-v1,00678fc090cec3b3312ee264c4428cbfdfeef86e745c68efc913f4baf5a0960e
TWD-O00361,TWD-E0073,TWD-S0084,response_action,flood_monitoring,maintained_and_monitored,,unknown,,unknown,,unknown,,unknown,,unknown,第五河川分署轄區各易淹水地區,event,經濟部水利署第五河川分署,{},水利署第五河川分署官方新聞〈康芮颱風接近 五河分署提高警戒上緊發條〉第3段,official-news-v1,323602a5d8446a7d7be4a115668e5f4372afef5dc0d2d51b0d399b25896b6726
TWD-O00362,TWD-E0073,TWD-S0084,response_action,river_dredging,strengthened,,unknown,,unknown,,unknown,,unknown,,unknown,第五河川分署轄區高風險河段及瓶頸河段,event,經濟部水利署第五河川分署,{},水利署第五河川分署官方新聞〈康芮颱風接近 五河分署提高警戒上緊發條〉第2段,official-news-v1,ea445b72a801db472b015dda47670173fd2206128c266e21b88d6a5603330467
TWD-O00363,TWD-E0073,TWD-S0084,response_action,pump_deployment,prepositioned,,unknown,,unknown,,unknown,,unknown,,unknown,第五河川分署轄區各易淹水地區,event,經濟部水利署第五河川分署,{},水利署第五河川分署官方新聞〈康芮颱風接近 五河分署提高警戒上緊發條〉第3段,official-news-v1,2e78112f38216ecf1e95273324470ffb38c7c4f0d5e8de20c8676bc756fcdc35
TWD-O00364,TWD-E0073,TWD-S0084,response_action,infrastructure_inspection,completed_or_in_progress,,unknown,,unknown,,unknown,,unknown,,unknown,第五河川分署轄區中央管河川、海堤及中央管區域排水設施,event,經濟部水利署第五河川分署,{},水利署第五河川分署官方新聞〈康芮颱風接近 五河分署提高警戒上緊發條〉第2段,official-news-v1,95b211eb72ec2f52b2a82cf31be4c1d7e4ddaf9a532868b5152a410ecbd95796
TWD-O00365,TWD-E0073,TWD-S0084,response_action,detention_preparation,activated,,unknown,,unknown,,unknown,,unknown,,unknown,有才村在地滯洪機制,event,經濟部水利署第五河川分署,{},水利署第五河川分署官方新聞〈康芮颱風接近 五河分署提高警戒上緊發條〉第3段,official-news-v1,f79fb9e499892c1eb2800450cd3ffec2a26c38fce8cc8fd20b06bec9e467f1e1
TWD-O00366,TWD-E0073,TWD-S0014,response_action,emergency_response_activation,level_2_opened,2024-10-29T17:30:00+08:00,minute,2024-10-29T17:30:00+08:00,minute,,unknown,,unknown,,unknown,經濟部（水利署）災害緊急應變小組，國家層級彙總,event,經濟部水利署,"{""response_level"":2}",《康芮颱風災害緊急應變小組工作執行報告》印刷頁15，水利署應變小組開設歷程,official-pdf-v1,7490007a4006aae7ad5e25b16af17051343fe9f29e6f893e7c2ef52d941ccf68
TWD-O00367,TWD-E0073,TWD-S0014,response_action,emergency_response_escalation,level_1_opened,2024-10-30T05:30:00+08:00,minute,2024-10-30T05:30:00+08:00,minute,,unknown,,unknown,,unknown,經濟部（水利署）災害緊急應變小組，國家層級彙總,event,經濟部水利署,"{""response_level"":1}",《康芮颱風災害緊急應變小組工作執行報告》印刷頁15，水利署應變小組開設歷程,official-pdf-v1,ea9edec3f4c1821a67adf31b0ca8482838992a2010e28c9bd0804f6616926ab1
TWD-O00368,TWD-E0073,TWD-S0014,response_action,emergency_response_downgrade,level_2_opened,2024-11-01T18:00:00+08:00,minute,2024-11-01T18:00:00+08:00,minute,,unknown,,unknown,,unknown,經濟部（水利署）災害緊急應變小組，國家層級彙總,event,經濟部水利署,"{""response_level"":2}",《康芮颱風災害緊急應變小組工作執行報告》印刷頁15，水利署應變小組開設歷程,official-pdf-v1,6b05965dc76d521aaeed369019708532f6a68d59397e6bc2e7b926f9a441e83f
TWD-O00369,TWD-E0073,TWD-S0014,response_action,emergency_response_deactivation,withdrawn,2024-11-04T17:00:00+08:00,minute,2024-11-04T17:00:00+08:00,minute,,unknown,,unknown,,unknown,經濟部（水利署）災害緊急應變小組，國家層級彙總,event,經濟部水利署,{},《康芮颱風災害緊急應變小組工作執行報告》印刷頁15，水利署應變小組開設歷程,official-pdf-v1,5e6eb1e311bebd1399aaeea04ec3f492769e385af3918cbb333b0a301919c594
TWD-O00370,TWD-E0074,TWD-S0055,response_action,road_closure,reported_closed,2025-07-06T22:00:00+08:00,minute,,unknown,2025-07-06T22:35:00+08:00,minute,,unknown,2025-07-06T22:35:00+08:00,minute,台18線34K~88K（觸口至阿里山路段）,road_segment,交通部公路局,"{""end_km"":88.0,""road_number"":""台18線"",""start_km"":34.0}",THB official page s=275308；公告 2025-07-06 22:35；截至 22:00；預警性封閉第4項,official-report-1-v1,5be3e51bda431d4a8cd0bbbffef3c67b909f44b474229ac54fad0dbfd6d22ad3
TWD-O00371,TWD-E0074,TWD-S0055,response_action,road_closure,reported_closed,2025-07-06T22:00:00+08:00,minute,,unknown,2025-07-06T22:35:00+08:00,minute,,unknown,2025-07-06T22:35:00+08:00,minute,台20線149K+001~180K+675（向陽至霧鹿路段）,road_segment,交通部公路局,"{""end_km"":180.675,""road_number"":""台20線"",""start_km"":149.001}",THB official page s=275308；公告 2025-07-06 22:35；截至 22:00；預警性封閉第7項,official-report-1-v1,1cf2bf91b2b400fcc0b1a141a328b85a70d6c1261ed919c3e28d3d5f597089c5
TWD-O00372,TWD-E0074,TWD-S0055,response_action,road_closure,reported_closed,2025-07-06T22:00:00+08:00,minute,,unknown,2025-07-06T22:35:00+08:00,minute,,unknown,2025-07-06T22:35:00+08:00,minute,台20臨105線0K~44K（梅山口至向陽路段）,road_segment,交通部公路局,"{""end_km"":44.0,""road_number"":""台20臨105線"",""start_km"":0.0}",THB official page s=275308；公告 2025-07-06 22:35；截至 22:00；預警性封閉第6項,official-report-1-v1,566d0dfaa5d7f37ffb68f2bb83e954f01367acc53a2c4c607bb9187d894a3332
TWD-O00373,TWD-E0074,TWD-S0055,response_action,road_closure,reported_closed,2025-07-06T22:00:00+08:00,minute,,unknown,2025-07-06T22:35:00+08:00,minute,,unknown,2025-07-06T22:35:00+08:00,minute,台20臨93線便道0K~5K（勤和至復興路段）,road_segment,交通部公路局,"{""end_km"":5.0,""road_number"":""台20臨93線便道"",""start_km"":0.0}",THB official page s=275308；公告 2025-07-06 22:35；截至 22:00；預警性封閉第5項,official-report-1-v1,034f9c1a70d76ba508d2e3183b663b7a89fe6c849f33693a542bb9fb649512e4
TWD-O00374,TWD-E0074,TWD-S0055,response_action,road_closure,reported_closed,2025-07-06T22:00:00+08:00,minute,,unknown,2025-07-06T22:35:00+08:00,minute,,unknown,2025-07-06T22:35:00+08:00,minute,台24線27K+400~37K+300（德文路口至神山路段）,road_segment,交通部公路局,"{""end_km"":37.3,""road_number"":""台24線"",""start_km"":27.4}",THB official page s=275308；公告 2025-07-06 22:35；截至 22:00；預警性封閉第8項,official-report-1-v1,3c38b29dec8f6929219d8c7fdf339cd4432ec5df6ccf4d9175301118cbbad02a
TWD-O00375,TWD-E0074,TWD-S0055,response_action,road_closure,reported_closed,2025-07-06T22:00:00+08:00,minute,,unknown,2025-07-06T22:35:00+08:00,minute,,unknown,2025-07-06T22:35:00+08:00,minute,台27線12K~23K（中興至大津路段）,road_segment,交通部公路局,"{""end_km"":23.0,""road_number"":""台27線"",""start_km"":12.0}",THB official page s=275308；公告 2025-07-06 22:35；截至 22:00；預警性封閉第9項,official-report-1-v1,6df2c62d7b0ba3dd4ceded49180825ce96e81ee9e1ef62c48515369db1faa8dd
TWD-O00376,TWD-E0074,TWD-S0055,response_action,road_closure,reported_closed,2025-07-06T22:00:00+08:00,minute,,unknown,2025-07-06T22:35:00+08:00,minute,,unknown,2025-07-06T22:35:00+08:00,minute,台29臨11線便道0K~12K（那瑪夏至五里埔路段）,road_segment,交通部公路局,"{""end_km"":12.0,""road_number"":""台29臨11線便道"",""start_km"":0.0}",THB official page s=275308；公告 2025-07-06 22:35；截至 22:00；預警性封閉第10項,official-report-1-v1,62e91ae1f34f547d3c495a3f7b8cfb5d8e5f8af4fb90f9ca3a5b2ff548646e5e
TWD-O00377,TWD-E0074,TWD-S0055,response_action,road_closure,reported_closed,2025-07-06T22:00:00+08:00,minute,,unknown,2025-07-06T22:35:00+08:00,minute,,unknown,2025-07-06T22:35:00+08:00,minute,台3線295K~336K（沄水到大埔路段）,road_segment,交通部公路局,"{""end_km"":336.0,""road_number"":""台3線"",""start_km"":295.0}",THB official page s=275308；公告 2025-07-06 22:35；截至 22:00；預警性封閉第1項,official-report-1-v1,64c0fdc2b98fa95ff3ade1cc772415bad95a3058a7a2fe5b6fda1fe36a607fee
TWD-O00378,TWD-E0074,TWD-S0055,response_action,road_closure,reported_closed,2025-07-06T22:00:00+08:00,minute,,unknown,2025-07-06T22:35:00+08:00,minute,,unknown,2025-07-06T22:35:00+08:00,minute,台8線77K（靈甫橋路段）,road_segment,交通部公路局,"{""kilometer"":77.0,""road_number"":""台8線""}",THB official page s=275308；公告 2025-07-06 22:35；截至 22:00；預警性封閉第2項,official-report-1-v1,9b3504af25e787382891e5689120bba5550cb643d5d226d584131e5946c76a18
TWD-O00379,TWD-E0074,TWD-S0055,response_action,road_closure,reported_closed,2025-07-06T22:00:00+08:00,minute,,unknown,2025-07-06T22:35:00+08:00,minute,,unknown,2025-07-06T22:35:00+08:00,minute,台8線83K~110K（響堂至大禹嶺路段）,road_segment,交通部公路局,"{""end_km"":110.0,""road_number"":""台8線"",""start_km"":83.0}",THB official page s=275308；公告 2025-07-06 22:35；截至 22:00；預警性封閉第3項,official-report-1-v1,95fd99171dd90d7a1d5672f3e781b3c6ffe118595f3a627d319fca97647cd75e
TWD-O00380,TWD-E0075,TWD-S0056,response_action,emergency_response_activation,level_2_opened,2025-07-18T13:30:00+08:00,minute,2025-07-18T13:30:00+08:00,minute,2025-07-18T15:54:00+08:00,minute,,unknown,2025-07-18T15:54:00+08:00,minute,公路局應變小組,event,交通部公路局,"{""preparedness_meetings"":2,""response_level"":2}",THB official page s=275707；公告 2025-07-18 15:54；薇帕颱風注意報段落,official-notice-v1,7fe739e6a9725dbd0e532277aea0b2ad26650a1a783e8d7ce3b254baed155528
TWD-O00381,TWD-E0076,TWD-S0057,response_action,road_closure,reported_closed,2025-07-31T08:30:00+08:00,minute,2025-07-29T20:00:00+08:00,hour,2025-07-31T16:42:00+08:00,minute,,unknown,2025-07-31T16:42:00+08:00,minute,台20臨105線0K~44K（梅山口至向陽路段）,road_segment,交通部公路局,"{""end_km"":44.0,""road_number"":""台20臨105線"",""start_km"":0.0}",THB official page s=276367；公告 2025-07-31 16:42；截至 08:30；預警性封閉第3項,official-report-0731-v1,8fc760277024f0da2b944de8758c358a3e3035068749257ac2c96629f4bfaf1c
TWD-O00382,TWD-E0076,TWD-S0057,response_action,road_closure,reported_closed,2025-07-31T08:30:00+08:00,minute,2025-07-29T20:00:00+08:00,hour,2025-07-31T16:42:00+08:00,minute,,unknown,2025-07-31T16:42:00+08:00,minute,台20臨93線便道0K~5K（勤和至復興路段）,road_segment,交通部公路局,"{""end_km"":5.0,""road_number"":""台20臨93線便道"",""start_km"":0.0}",THB official page s=276367；公告 2025-07-31 16:42；截至 08:30；預警性封閉第2項,official-report-0731-v1,d5cbc4e205026a0cc65360fff58233591f1902bffef56b446d9f9ac75a7041c0
TWD-O00383,TWD-E0076,TWD-S0057,response_action,road_closure,reported_closed,2025-07-31T08:30:00+08:00,minute,2025-07-29T20:00:00+08:00,hour,2025-07-31T16:42:00+08:00,minute,,unknown,2025-07-31T16:42:00+08:00,minute,台29臨11線便道0K~12K（那瑪夏至五里埔路段）,road_segment,交通部公路局,"{""end_km"":12.0,""road_number"":""台29臨11線便道"",""start_km"":0.0}",THB official page s=276367；公告 2025-07-31 16:42；截至 08:30；預警性封閉第6項,official-report-0731-v1,1151846736503b1511e745703fab5a8eb4a9632c78d081f172b1ceead88a0f47
TWD-O00384,TWD-E0076,TWD-S0057,response_action,road_closure,reported_closed,2025-07-31T08:30:00+08:00,minute,2025-07-30T08:00:00+08:00,hour,2025-07-31T16:42:00+08:00,minute,,unknown,2025-07-31T16:42:00+08:00,minute,台27線12K~23K（中興至大津路段）,road_segment,交通部公路局,"{""end_km"":23.0,""road_number"":""台27線"",""start_km"":12.0}",THB official page s=276367；公告 2025-07-31 16:42；截至 08:30；預警性封閉第4項,official-report-0731-v1,91a18031342820e368735faa1ce2cddb5abc207e903a356defda56262fa5176f
TWD-O00385,TWD-E0076,TWD-S0057,response_action,road_closure,reported_closed,2025-07-31T08:30:00+08:00,minute,2025-07-30T13:30:00+08:00,minute,2025-07-31T16:42:00+08:00,minute,,unknown,2025-07-31T16:42:00+08:00,minute,台29線2K+880（民生橋）,road_segment,交通部公路局,"{""kilometer"":2.88,""road_number"":""台29線""}",THB official page s=276367；公告 2025-07-31 16:42；截至 08:30；預警性封閉第5項,official-report-0731-v1,3d80b0881e5a73886a37421ab526de8c73c56ab97c883d47dab1ed22fa60b5f8
TWD-O00386,TWD-E0076,TWD-S0057,response_action,road_closure,reported_closed,2025-07-31T08:30:00+08:00,minute,2025-07-31T07:00:00+08:00,hour,2025-07-31T16:42:00+08:00,minute,,unknown,2025-07-31T16:42:00+08:00,minute,台20線90K+700（撒拉阿塢橋）,road_segment,交通部公路局,"{""kilometer"":90.7,""road_number"":""台20線""}",THB official page s=276367；公告 2025-07-31 16:42；截至 08:30；預警性封閉第1項,official-report-0731-v1,a11d464b29e154ce1a35cb9d38d6abc3e28a45f066139581415211d22936496a
TWD-O00387,TWD-E0076,TWD-S0057,response_action,road_closure,reported_blocked,2025-07-31T08:30:00+08:00,minute,,unknown,2025-07-31T16:42:00+08:00,minute,,unknown,2025-07-31T16:42:00+08:00,minute,台20線155K+100（栗園路段）,road_segment,交通部公路局,"{""kilometer"":155.1,""road_number"":""台20線""}",THB official page s=276367；公告 2025-07-31 16:42；截至 08:30；道路災阻第5項,official-report-0731-v1,85abf307d9d6d78d0e17884fe4f49920bc67c9d20f8ec4fd91815e91e3a15f77
TWD-O00388,TWD-E0076,TWD-S0057,response_action,road_closure,reported_blocked,2025-07-31T08:30:00+08:00,minute,,unknown,2025-07-31T16:42:00+08:00,minute,,unknown,2025-07-31T16:42:00+08:00,minute,台20線79K（樂樂路段）,road_segment,交通部公路局,"{""kilometer"":79.0,""road_number"":""台20線""}",THB official page s=276367；公告 2025-07-31 16:42；截至 08:30；道路災阻第1項,official-report-0731-v1,6d6a534ac8684f24735a1bb4996c14b47b60981299e673beddfb2e80768ee343
TWD-O00389,TWD-E0076,TWD-S0057,response_action,road_closure,reported_blocked,2025-07-31T08:30:00+08:00,minute,,unknown,2025-07-31T16:42:00+08:00,minute,,unknown,2025-07-31T16:42:00+08:00,minute,台20線81K+100（草水路段）,road_segment,交通部公路局,"{""kilometer"":81.1,""road_number"":""台20線""}",THB official page s=276367；公告 2025-07-31 16:42；截至 08:30；道路災阻第2項,official-report-0731-v1,9e304d2516816008a87204a800a5e2edcf0ee9d0b37e4470ffa938a5e12d5f5e
TWD-O00390,TWD-E0076,TWD-S0057,response_action,road_closure,reported_blocked,2025-07-31T08:30:00+08:00,minute,,unknown,2025-07-31T16:42:00+08:00,minute,,unknown,2025-07-31T16:42:00+08:00,minute,台20線91K+500（東莊便橋）,road_segment,交通部公路局,"{""kilometer"":91.5,""road_number"":""台20線""}",THB official page s=276367；公告 2025-07-31 16:42；截至 08:30；道路災阻第3項,official-report-0731-v1,77bcdc8113444b12d8a9ab367c551e6cd399869958fc8f0c73323552cc97abcb
TWD-O00391,TWD-E0076,TWD-S0057,response_action,road_closure,reported_blocked,2025-07-31T08:30:00+08:00,minute,,unknown,2025-07-31T16:42:00+08:00,minute,,unknown,2025-07-31T16:42:00+08:00,minute,台20線99K（復興路段）,road_segment,交通部公路局,"{""kilometer"":99.0,""road_number"":""台20線""}",THB official page s=276367；公告 2025-07-31 16:42；截至 08:30；道路災阻第4項,official-report-0731-v1,18b2a0bf955f1ec9e202b472f8b691da25a7a31f54b0e6e18c2314be0d03ecfd
TWD-O00392,TWD-E0076,TWD-S0057,response_action,road_access_restriction,restricted_to_single_lane,2025-07-31T08:30:00+08:00,minute,,unknown,2025-07-31T16:42:00+08:00,minute,,unknown,2025-07-31T16:42:00+08:00,minute,台16線11K+600（集集路段）,road_segment,交通部公路局,"{""kilometer"":11.6,""road_number"":""台16線""}",THB official page s=276367；公告 2025-07-31 16:42；截至 08:30；道路災情第2項,official-report-0731-v1,c26762c0ae1c1072e0c536eafc6a7446388f4350650fc8349db9695d56e5d809
TWD-O00393,TWD-E0076,TWD-S0057,response_action,road_access_restriction,restricted_to_single_lane,2025-07-31T08:30:00+08:00,minute,,unknown,2025-07-31T16:42:00+08:00,minute,,unknown,2025-07-31T16:42:00+08:00,minute,台18線64K+200~82K+700（樂野至中山路段）,road_segment,交通部公路局,"{""end_km"":82.7,""road_number"":""台18線"",""start_km"":64.2}",THB official page s=276367；公告 2025-07-31 16:42；截至 08:30；道路災情第3項,official-report-0731-v1,91950a4410e32741f85c61674fd47ec7300fe7643453893d255a2c75d09f9477
TWD-O00394,TWD-E0076,TWD-S0057,response_action,road_access_restriction,restricted_to_single_lane,2025-07-31T08:30:00+08:00,minute,,unknown,2025-07-31T16:42:00+08:00,minute,,unknown,2025-07-31T16:42:00+08:00,minute,台21線北上70K+300（頭社路段）,road_segment,交通部公路局,"{""direction"":""北上"",""kilometer"":70.3,""road_number"":""台21線""}",THB official page s=276367；公告 2025-07-31 16:42；截至 08:30；道路災情第4項,official-report-0731-v1,901c1889a73e0ba40299bc2f3785c3b80c0d858de5e4ad38e61a58897ee5ce1a
TWD-O00395,TWD-E0076,TWD-S0057,response_action,road_access_restriction,restricted_to_single_lane,2025-07-31T08:30:00+08:00,minute,,unknown,2025-07-31T16:42:00+08:00,minute,,unknown,2025-07-31T16:42:00+08:00,minute,台3線326K+450~334K+600（和平路段）,road_segment,交通部公路局,"{""end_km"":334.6,""road_number"":""台3線"",""start_km"":326.45}",THB official page s=276367；公告 2025-07-31 16:42；截至 08:30；道路災情第1項,official-report-0731-v1,f9f04da20c042f816c60ec26c89663c62763fe45e500f9d6b19c02db93055e5c
